"","team","GM","projected_position","avgheight","avgweight","avgbroad","avgarm","avgfourty","avgten","avgthree","avgshuttle","avgvert","minheight","maxheight","minweight","maxweight","minbroad","maxbroad","minarm","maxarm","minfourty","maxfourty","minten","maxten","minthree","maxthree","minshuttle","maxshuttle","minvert","maxvert","players"
"1","ARI","Monti Ossenfort","C",76,303,114,33.62,5.01,1.73,7.31,4.45,32.5,76,76,303,303,114,114,33.6,33.6,5.01,5.01,1.73,1.73,7.31,7.31,4.45,4.45,32.5,32.5,1
"2","ARI","Monti Ossenfort","CB",70,189.1,122,30.64,4.42,1.49,NA,4.21,34.5,70,70,181,192,122,122,29.6,31,4.42,4.42,1.49,1.49,Inf,-Inf,4.21,4.21,34.5,34.5,2
"3","ARI","Monti Ossenfort","DI",75,286,113,32.38,4.85,1.72,7.38,4.61,28.5,75,75,286,286,113,113,32.4,32.4,4.85,4.85,1.72,1.72,7.38,7.38,4.61,4.61,28.5,28.5,1
"4","ARI","Monti Ossenfort","LB",73.6,242.8,126,33.69,4.39,1.52,7.57,NA,33.17,72,74,225,248,126,126,31.8,34.2,4.39,4.39,1.52,1.52,7.57,7.57,Inf,-Inf,32.5,35.5,2
"5","ARI","Monti Ossenfort","QB",74,220,122,31.38,4.64,1.55,6.89,4.25,37.5,74,74,220,220,122,122,31.4,31.4,4.64,4.64,1.55,1.55,6.89,6.89,4.25,4.25,37.5,37.5,1
"6","ARI","Monti Ossenfort","T",78,313,110,36.12,NA,NA,NA,NA,NA,78,78,313,313,110,110,36.1,36.1,Inf,-Inf,Inf,-Inf,Inf,-Inf,Inf,-Inf,Inf,-Inf,1
"7","ARI","Monti Ossenfort","WR",74,213,125,31,4.58,1.5,6.81,4.27,37.5,74,74,213,213,125,125,31,31,4.58,4.58,1.5,1.5,6.81,6.81,4.27,4.27,37.5,37.5,1
"8","ATL","Terry Fontenot","C",73.2,299,99,32,5.11,1.74,7.33,4.52,33,73.2,73.2,299,299,99,99,32,32,5.11,5.11,1.74,1.74,7.33,7.33,4.52,4.52,33,33,1
"9","ATL","Terry Fontenot","CB",69.7,186.2,128.43,29.67,4.48,1.55,7.01,4.24,35.35,68.4,71.1,184,188,121,132,28.8,30.6,4.43,4.51,1.51,1.58,6.88,7.07,4,4.32,33,38.5,3
"10","ATL","Terry Fontenot","DI",75.1,292,115,35,4.89,1.67,7.31,4.68,32.5,75.1,75.1,292,292,115,115,35,35,4.89,4.89,1.67,1.67,7.31,7.31,4.68,4.68,32.5,32.5,1
"11","ATL","Terry Fontenot","ED",75.5,255.6,123.7,34.57,4.65,1.66,7.1,4.42,35.89,74.4,77,243,274,119,128,33.1,36.2,4.6,4.75,1.6,1.71,6.95,7.33,4.24,4.66,32,38,4
"12","ATL","Terry Fontenot","G",75.2,307.5,107.77,32.67,5.13,1.75,8.02,4.83,26.27,74,75.9,297,314,107,109,31.8,33.2,5.12,5.14,1.72,1.8,7.9,8.09,4.8,4.85,25.5,27.5,2
"13","ATL","Terry Fontenot","HB",71,216.4,123.37,31.18,4.48,1.53,7.09,4.36,36.37,70.8,71,215,224,120,124,31.1,31.5,4.46,4.6,1.52,1.56,7.09,7.09,4.36,4.36,33,37,2
"14","ATL","Terry Fontenot","LB",75.5,243,128,32.12,4.42,1.49,NA,NA,36,75.5,75.5,243,243,128,128,32.1,32.1,4.42,4.42,1.49,1.49,Inf,-Inf,Inf,-Inf,36,36,1
"15","ATL","Terry Fontenot","QB",75.4,211,127,32.75,4.52,1.54,7.15,4.29,36,75.4,75.4,211,211,127,127,32.8,32.8,4.52,4.52,1.54,1.54,7.15,7.15,4.29,4.29,36,36,1
"16","ATL","Terry Fontenot","S",71.6,197.7,128.01,32.42,4.5,1.54,6.84,4.31,34.07,71.4,73,197,203,121,129,31,32.6,4.49,4.57,1.54,1.57,6.78,7.29,4.27,4.57,31,34.5,2
"17","ATL","Terry Fontenot","T",77,321.3,100.08,33.28,5.31,1.81,7.58,4.76,29.66,77,77,318,326,96,103,32.6,33.8,5.31,5.31,1.81,1.81,7.38,7.86,4.66,4.91,28.5,30.5,2
"18","ATL","Terry Fontenot","TE",77.7,246.2,129,33.52,4.44,1.55,7.12,4.3,33.5,77.6,79.1,245,262,129,129,33.5,33.8,4.44,4.44,1.55,1.55,7.12,7.12,4.3,4.3,33.5,33.5,2
"19","ATL","Terry Fontenot","WR",75.4,216.9,117,32.86,4.61,1.59,7.05,4.25,34.5,72,75.9,201,219,117,117,31.8,33,4.61,4.61,1.59,1.59,7.05,7.05,4.25,4.25,34.5,34.5,2
"20","BAL","Eric DeCosta","C",74.1,296,110,31.12,5.04,1.78,7.13,4.57,32.5,74.1,74.1,296,296,110,110,31.1,31.1,5.04,5.04,1.78,1.78,7.13,7.13,4.57,4.57,32.5,32.5,1
"21","BAL","Eric DeCosta","CB",72.1,201.1,122.02,31.14,4.47,1.56,7.09,4.32,35.2,70.2,72.9,182,219,117,131,29.6,32.5,4.39,4.53,1.51,1.62,6.93,7.26,4.14,4.39,32.5,38,5
"22","BAL","Eric DeCosta","DI",74.9,312.4,107.5,33.27,4.91,1.75,7.47,4.7,28.03,73,76.4,293,336,102,110,31.2,34.2,4.83,5.1,1.73,1.78,7.33,8.02,4.58,4.95,27,28.5,4
"23","BAL","Eric DeCosta","ED",76.6,257.3,124.56,34,4.57,1.62,7.27,4.48,35.54,75.4,78,250,271,117,134,32.9,34.5,4.39,4.82,1.59,1.7,6.84,8.08,4.15,5.12,32,39.5,5
"24","BAL","Eric DeCosta","G",77.1,328,98.53,33.31,5.1,1.8,8.17,4.99,26.84,76,78,307,354,93,105,31.1,35.1,4.85,5.37,1.77,1.84,8.17,8.17,4.88,5.11,25,29,5
"25","BAL","Eric DeCosta","HB",69.3,203.9,127.28,30.29,4.42,1.54,7.07,4.28,38.04,68,69.6,197,209,121,130,29.4,31.6,4.4,4.45,1.5,1.56,7.07,7.07,4.28,4.28,33.5,40,3
"26","BAL","Eric DeCosta","LB",73.3,234.8,122.45,32.09,4.52,1.59,6.96,4.28,36.68,72.2,74.6,229,247,118,125,31.6,32.8,4.43,4.66,1.55,1.64,6.83,7.07,4.25,4.32,35,40.5,3
"27","BAL","Eric DeCosta","QB",72.1,202,115,31,4.57,1.62,7.09,4.12,33,72.1,72.1,202,202,115,115,31,31,4.57,4.57,1.62,1.62,7.09,7.09,4.12,4.12,33,33,1
"28","BAL","Eric DeCosta","S",75.1,215.3,128.6,32.79,4.57,1.56,6.9,4.32,37.57,70.4,76.1,196,220,116,131,29.2,33.5,4.44,4.62,1.53,1.58,6.9,6.9,4.32,4.32,33.5,38,3
"29","BAL","Eric DeCosta","T",79.3,364.7,97.46,34.94,5.49,1.97,8.23,4.97,29.21,77.6,80,317,384,94,106,34.5,35.1,5.23,5.6,1.8,2.04,7.65,8.47,4.75,5.06,28.5,29.5,2
"30","BAL","Eric DeCosta","TE",76.9,248.1,120.77,33.11,4.71,1.68,7.11,4.43,36.14,74.8,78.5,245,252,117,124,31.9,34.5,4.62,4.8,1.66,1.7,6.96,7.33,4.3,4.57,35.5,37.5,3
"31","BAL","Eric DeCosta","WR",71,187.6,125.59,31.1,4.41,1.54,6.97,4.26,36.44,69,75.8,166,220,112,140,29.5,33.5,4.39,4.48,1.53,1.56,6.77,7.27,4.07,4.4,33,43.5,7
"32","BUF","Brandon Beane","CB",72.2,194.2,119.84,31.35,4.47,1.54,6.98,4.27,35.13,71.1,73.5,187,208,118,124,30.4,32.2,4.39,4.59,1.46,1.62,6.9,7.1,4.18,4.34,32,40.5,9
"33","BUF","Brandon Beane","DI",74.2,291.9,115.85,32.27,4.85,1.67,7.18,4.29,35.02,73.9,75.2,287,307,103,120,31.8,33.9,4.73,5.21,1.63,1.79,7.15,7.28,4.22,4.5,32,36,2
"34","BUF","Brandon Beane","ED",77.2,270.2,117.33,34.13,4.78,1.65,7.33,4.4,31.93,75.1,78.5,253,275,112,122,32.9,34.8,4.64,5.04,1.57,1.79,6.97,7.5,4.25,4.56,30,34,4
"35","BUF","Brandon Beane","G",76.3,325.5,104.27,33.77,5.25,1.83,8.05,4.83,26.82,75.8,77,305,330,101,114,31.9,34,5.21,5.31,1.78,1.85,7.45,8.27,4.7,4.87,23.5,29.5,5
"36","BUF","Brandon Beane","HB",69.4,207.4,120.69,30.27,4.57,1.61,7.32,4.39,33.66,67.5,71,199,223,117,124,28.9,31.2,4.42,4.66,1.54,1.67,7.32,7.32,4.37,4.4,33,35,3
"37","BUF","Brandon Beane","LB",74.3,237.3,118.57,32.83,4.56,1.59,7.19,4.41,33.52,72.1,76.5,223,253,106,126,30.2,34.5,4.49,4.67,1.54,1.65,6.93,7.64,4.23,4.75,28,36,7
"38","BUF","Brandon Beane","QB",76.2,233.6,117.03,32.86,4.79,1.63,6.97,4.4,32.8,73.9,76.9,219,237,110,119,31.1,33.2,4.75,5.01,1.59,1.81,6.9,7.27,4.31,4.51,30,33.5,3
"39","BUF","Brandon Beane","S",70.1,191,121,29.62,4.69,1.63,NA,NA,33,70.1,70.1,191,191,121,121,29.6,29.6,4.69,4.69,1.63,1.63,Inf,-Inf,Inf,-Inf,33,33,1
"40","BUF","Brandon Beane","T",78.3,314.5,110.11,34.34,5.07,1.77,7.3,4.64,28.42,75.9,80.2,311,320,104,117,32.9,35.1,4.88,5.41,1.71,1.86,7.03,7.75,4.44,4.78,26,32,4
"41","BUF","Brandon Beane","TE",75.9,248.7,120.66,32.89,4.64,1.59,7.13,4.28,34.02,75.5,76.8,246,254,115,122,32.6,33.5,4.59,4.83,1.57,1.68,7.12,7.17,4.27,4.31,32,34.5,3
"42","BUF","Brandon Beane","WR",73.4,203.7,126.21,31.84,4.49,1.55,6.96,4.22,35.44,69.1,76,180,229,113,133,28.9,33.8,4.43,4.61,1.49,1.6,6.46,7.35,4.01,4.59,33,36.5,8
"43","CHI","Ryan Poles","C",74,299,109,32.25,4.95,1.7,7.82,4.62,29.5,74,74,299,299,109,109,32.2,32.2,4.95,4.95,1.7,1.7,7.82,7.82,4.62,4.62,29.5,29.5,1
"44","CHI","Ryan Poles","CB",71.8,196.9,125.73,31.89,4.48,1.53,6.88,4.18,38.35,71.5,72,194,204,120,128,31,32.9,4.41,4.52,1.5,1.56,6.67,7.09,3.96,4.41,34,39.5,3
"45","CHI","Ryan Poles","DI",76.6,301.8,112.58,33.2,4.9,1.77,7.52,4.66,30.92,72,78,291,310,110,116,32.2,34.4,4.88,5.01,1.71,1.81,7.45,7.99,4.58,4.7,30.5,32.5,3
"46","CHI","Ryan Poles","ED",76.9,253,121,33.25,4.72,1.61,7.19,4.19,41,76.9,76.9,253,253,121,121,33.2,33.2,4.72,4.72,1.61,1.61,7.19,7.19,4.19,4.19,41,41,1
"47","CHI","Ryan Poles","G",75.4,311,108,33.62,5.13,1.79,7.84,4.9,30,75.4,75.4,311,311,108,108,33.6,33.6,5.13,5.13,1.79,1.79,7.84,7.84,4.9,4.9,30,30,1
"48","CHI","Ryan Poles","HB",71.6,215.3,119.99,31.35,4.54,1.52,7.16,4.53,31.07,70.8,72,206,219,115,122,29.8,32,4.43,4.58,1.52,1.53,7.16,7.16,4.53,4.53,30,31.5,2
"49","CHI","Ryan Poles","LB",73,246,115,31.62,4.64,1.57,7.28,4.37,33,73,73,246,246,115,115,31.6,31.6,4.64,4.64,1.57,1.57,7.28,7.28,4.37,4.37,33,33,1
"50","CHI","Ryan Poles","S",73.2,199.1,124,31.67,4.49,1.57,6.92,4.2,34.87,72,73.4,198,202,124,124,30.5,32,4.49,4.49,1.57,1.59,6.91,7.01,4.19,4.38,34.5,39.5,3
"51","CHI","Ryan Poles","T",77,327.4,112.48,33.97,5,1.78,7.5,4.75,27.86,76.9,77.2,308,333,107,114,33.8,35.4,4.96,5.01,1.65,1.81,7.4,7.59,4.65,4.84,22.5,29,3
"52","CHI","Ryan Poles","WR",71.1,194.3,125.32,30.88,4.36,1.48,7.2,4.42,35.34,70,71.8,177,204,121,133,30.9,30.9,4.31,4.44,1.46,1.51,6.99,7.32,4.25,4.51,33,39.5,2
"53","CIN","Duke Tobin","C",75.6,306.4,109,32.14,5.18,1.85,8.26,4.66,29,75.1,75.8,305,310,109,109,32,32.5,5.18,5.18,1.85,1.85,8.26,8.26,4.66,4.66,29,29,2
"54","CIN","Duke Tobin","CB",72,192.3,121.4,31.18,4.44,1.55,6.97,4.23,34.75,69.9,73.6,178,209,114,131,30.2,32.6,4.26,4.63,1.47,1.64,6.57,7.31,4.06,4.4,29.5,39.5,14
"55","CIN","Duke Tobin","DI",75.6,299.1,107.33,33.57,4.96,1.74,7.66,4.58,29.75,72.6,77,258,350,100,118,33,34.5,4.53,5.4,1.59,1.9,7.22,8.19,4.29,4.97,27.5,32,8
"56","CIN","Duke Tobin","ED",76.5,269.8,117.93,33.46,4.75,1.66,7.15,4.42,34.48,73.6,80.1,255,307,107,131,31,34.6,4.53,4.99,1.57,1.89,6.84,7.46,4.19,4.57,25.5,41.5,12
"57","CIN","Duke Tobin","G",76.5,310.4,103.9,33.31,5.27,1.82,7.82,4.7,28.8,75,78.1,298,320,96,116,32.2,34.2,5.07,5.46,1.76,1.89,7.52,8.31,4.51,4.95,25,32.5,10
"58","CIN","Duke Tobin","HB",70.6,215.4,119.55,30.42,4.55,1.57,7.12,4.3,34.11,68.1,72.8,202,233,113,132,28,32.6,4.43,4.73,1.51,1.65,6.85,7.64,4.04,4.59,29,40.5,11
"59","CIN","Duke Tobin","LB",73.7,236.9,119.06,32.03,4.62,1.63,7.02,4.3,34.29,71.4,74.9,224,248,109,128,31,33.4,4.4,4.93,1.56,1.71,6.73,7.32,4,4.49,28,42,12
"60","CIN","Duke Tobin","QB",75.2,218.6,107.46,31.32,4.82,1.75,7.04,4.26,29.63,73,76,213,221,99,116,30.9,32.9,4.73,4.94,1.69,1.77,6.93,7.2,4.15,4.34,28,31.5,5
"61","CIN","Duke Tobin","S",72.6,205.9,120.89,31.76,4.48,1.56,6.92,4.21,35.34,70,76,196,225,117,133,29.8,34.5,4.36,4.61,1.5,1.61,6.64,7.17,4.03,4.44,33.5,41,9
"62","CIN","Duke Tobin","T",77.1,306.5,104.24,34.08,5.12,1.79,7.79,4.66,29.84,76.4,79.6,302,317,100,115,32.5,35.9,5.01,5.29,1.77,1.83,7.25,8.08,4.33,4.81,28,34,7
"63","CIN","Duke Tobin","TE",76.9,251.7,117.35,33.22,4.7,1.64,7.07,4.37,33.73,74.5,77.8,246,262,113,120,32.5,34.8,4.62,4.76,1.58,1.66,6.92,7.36,4.27,4.57,30.5,35.5,6
"64","CIN","Duke Tobin","WR",73.5,202.3,126.48,32.42,4.44,1.57,6.93,4.21,35.82,68.5,76.9,175,228,107,133,30,34.4,4.22,4.68,1.49,1.66,6.64,7.37,3.98,4.58,29.5,41,16
"65","CLE","Andrew Berry","C",74.3,303,104.83,32.06,5.12,1.78,7.6,4.52,29.78,72.9,77.5,302,306,103,108,31.6,32.9,5.1,5.14,1.74,1.83,7.52,7.64,4.49,4.53,29,30.5,3
"66","CLE","Andrew Berry","CB",72.5,194.7,123.38,31.92,4.44,1.52,6.92,4.2,36.67,71,73.6,191,201,123,124,31.1,33.5,4.38,4.53,1.48,1.57,6.89,6.94,4.06,4.28,32,40,3
"67","CLE","Andrew Berry","DI",75.3,300.1,119.57,33.11,5.02,1.76,7.5,4.7,31.44,73.5,76,268,335,117,122,31.8,35.2,4.76,5.39,1.71,1.88,7.2,7.8,4.46,4.99,27.5,36.5,5
"68","CLE","Andrew Berry","ED",77.1,270.1,117,33.87,4.7,1.61,NA,NA,31.5,76.9,77.1,266,271,117,117,33.2,34,4.7,4.7,1.61,1.61,Inf,-Inf,Inf,-Inf,31.5,31.5,2
"69","CLE","Andrew Berry","HB",69.8,202.7,116.61,30.93,4.49,1.57,7.31,4.31,31.17,68.6,70.5,189,210,114,118,30.6,31.5,4.46,4.55,1.56,1.58,7.31,7.31,4.22,4.47,31,31.5,2
"70","CLE","Andrew Berry","LB",73.7,223.7,122.75,32.47,4.65,1.6,7.04,4.27,36.82,72.1,75,221,229,114,126,31.2,33,4.64,4.66,1.55,1.63,6.8,7.38,4.15,4.48,34,39,3
"71","CLE","Andrew Berry","QB",74,203,121,30.62,4.56,1.51,7.28,4.44,32.5,74,74,203,203,121,121,30.6,30.6,4.56,4.56,1.51,1.51,7.28,7.28,4.44,4.44,32.5,32.5,1
"72","CLE","Andrew Berry","S",73.5,209.1,128,30.66,4.83,1.69,7.44,4.49,32.5,70,74.5,196,213,128,128,30.4,31.6,4.83,4.83,1.69,1.69,7.44,7.44,4.49,4.49,32.5,32.5,2
"73","CLE","Andrew Berry","T",77,323.6,109.59,34.34,5.15,1.84,8.05,4.83,33.14,76.2,80,312,374,98,113,32.6,36.4,5.05,5.35,1.81,1.92,8.05,8.05,4.79,4.84,28.5,34.5,3
"74","CLE","Andrew Berry","TE",76.8,243,110,30.62,4.73,1.63,7.41,4.37,32.5,76.8,76.8,243,243,110,110,30.6,30.6,4.73,4.73,1.63,1.63,7.41,7.41,4.37,4.37,32.5,32.5,1
"75","CLE","Andrew Berry","WR",73.4,204.8,125.13,32.31,4.5,1.54,7.19,4.41,35.27,72,75,186,213,118,139,31.5,33.5,4.26,4.68,1.51,1.59,7.05,7.32,4.25,4.57,32,44.5,5
"76","DAL","Jerry Jones","C",75.6,312.5,97,32.82,5.58,1.91,7.81,4.76,28.5,75.6,75.6,312,314,97,97,32.2,33,5.58,5.58,1.91,1.91,7.81,7.81,4.76,4.76,28.5,28.5,2
"77","DAL","Jerry Jones","CB",72.1,195.3,127.83,32.08,4.47,1.55,6.97,4.14,36.73,70.2,76.1,183,212,115,147,30.1,34,4.28,4.71,1.44,1.64,6.57,7.28,3.84,4.57,31,44.5,17
"78","DAL","Jerry Jones","DI",74.8,305,110.35,33.47,5,1.74,7.66,4.61,30.96,72.2,77.1,275,327,95,120,32,34.8,4.79,5.34,1.69,1.81,7.09,8.21,4.38,5.15,27.5,35,11
"79","DAL","Jerry Jones","ED",75.8,256.8,117.12,33.76,4.76,1.66,7.23,4.4,33.3,74,77.6,223,277,100,125,32.1,34.8,4.46,5.03,1.55,1.78,6.8,7.8,4.23,4.73,27,39.5,14
"80","DAL","Jerry Jones","G",76.5,303.1,107.34,33.09,5.14,1.78,7.67,4.6,30.17,74.9,77.2,296,311,103,112,32.9,33.9,5.05,5.31,1.72,1.89,7.14,7.83,4.38,4.63,28,34,5
"81","DAL","Jerry Jones","HB",71.4,217.3,120.6,31.17,4.47,1.57,7.11,4.25,33.97,65,73.4,179,228,116,133,27.8,33.5,4.37,4.63,1.53,1.63,6.82,7.28,4.18,4.37,32.5,41,8
"82","DAL","Jerry Jones","LB",74.6,243.8,121.73,32.62,4.6,1.61,7.03,4.32,35.71,72,76.2,229,256,110,127,30.9,33.9,4.39,4.97,1.55,1.79,6.88,7.3,4.15,4.53,30,40.5,15
"83","DAL","Jerry Jones","QB",75.1,222.8,107.76,32.1,4.91,1.69,7.27,4.35,30.23,73.5,76.6,210,226,96,116,31.9,32.2,4.79,5.09,1.66,1.73,7.11,7.5,4.32,4.4,27,32.5,3
"84","DAL","Jerry Jones","S",71.9,209.6,123.04,31.45,4.56,1.57,6.96,4.14,35.99,71.1,72,197,217,111,128,30.4,33.4,4.52,4.64,1.52,1.65,6.72,7.55,4.07,4.5,32,40.5,6
"85","DAL","Jerry Jones","T",77.2,312.9,106.82,35.06,5.03,1.72,7.68,4.68,29.45,76,79.6,305,324,95,113,33.4,36.4,4.93,5.19,1.67,1.9,7.47,8,4.56,4.89,27.5,33.5,7
"86","DAL","Jerry Jones","TE",77.2,252.1,119.81,32.86,4.73,1.64,6.96,4.34,32.8,75.8,78.2,244,273,114,127,31.2,33.6,4.43,4.84,1.57,1.71,6.76,7.28,4.11,4.58,31.5,36,7
"87","DAL","Jerry Jones","WR",73,200.5,120.97,31.6,4.51,1.58,6.92,4.22,34.67,68.5,75,181,222,111,130,28,34.1,4.42,4.69,1.49,1.67,6.69,7.15,4,4.37,32,37,12
"88","DEN","George Paton","C",75.4,312.2,110.31,33.32,5.06,1.73,7.37,4.5,30.3,75,76,299,320,95,113,32.8,34.1,4.99,5.2,1.72,1.73,7.33,7.45,4.47,4.57,20.5,32,3
"89","DEN","George Paton","CB",72.7,201,128.9,31.73,4.43,1.54,6.63,4.14,39.5,69.5,74,185,208,117,133,30,32.5,4.39,4.49,1.48,1.59,6.6,6.78,3.94,4.18,35.5,43.5,6
"90","DEN","George Paton","DI",75.4,289,119,33.12,NA,1.75,7.02,4.07,37.5,75.4,75.4,289,289,119,119,33.1,33.1,Inf,-Inf,1.75,1.75,7.02,7.02,4.07,4.07,37.5,37.5,1
"91","DEN","George Paton","ED",76,273.8,114.28,33.37,4.83,1.65,7.24,4.42,34.26,74.6,78.1,248,316,107,120,32.1,35.1,4.54,5.32,1.53,1.82,6.99,7.58,4.23,4.75,31.5,35.5,4
"92","DEN","George Paton","HB",69.5,212,123,30.88,4.55,1.6,6.97,4.09,36,69.5,69.5,212,212,123,123,30.9,30.9,4.55,4.55,1.6,1.6,6.97,6.97,4.09,4.09,36,36,1
"93","DEN","George Paton","LB",75.5,239.1,122.93,32.69,4.59,1.59,7,4.32,38.23,74.8,76,235,245,118,130,32.1,33.5,4.51,4.64,1.56,1.61,6.78,7.15,4.23,4.38,37,40,2
"94","DEN","George Paton","S",73.7,205,127.3,31.41,4.49,1.56,7.08,4.28,38.71,71.6,76,202,209,122,132,30.1,32.1,4.41,4.58,1.5,1.62,6.96,7.22,4.16,4.41,35,42,3
"95","DEN","George Paton","TE",76,243,122,33.38,4.69,1.62,7.05,4.37,34,76,76,243,243,122,122,33.4,33.4,4.69,4.69,1.62,1.62,7.05,7.05,4.37,4.37,34,34,1
"96","DEN","George Paton","WR",71,186,127.14,31.06,4.42,1.57,7.02,4.36,38.33,68.9,75,181,211,124,129,28.4,33.5,4.38,4.49,1.55,1.63,6.9,7.25,4.32,4.43,36,39.5,3
"97","DET","Brad Holmes","CB",73.2,205,134,32.25,4.48,1.48,7.01,4.34,41.5,73.2,73.2,205,205,134,134,32.2,32.2,4.48,4.48,1.48,1.48,7.01,7.01,4.34,4.34,41.5,41.5,1
"98","DET","Brad Holmes","DI",74.7,308.4,106.44,33.38,5,1.72,7.91,4.75,28.91,73.1,76.8,290,330,100,109,32.6,35,4.85,5.34,1.68,1.81,7.71,8.16,4.59,4.94,25,30.5,3
"99","DET","Brad Holmes","ED",77.3,261.4,118.91,32.38,4.75,1.6,6.77,4.17,36.52,72.2,78.6,244,268,117,125,32.1,34.2,4.74,4.77,1.56,1.61,6.73,7.41,4.15,4.48,36,39,3
"100","DET","Brad Holmes","G",77,304,112,33,5.17,1.91,7.76,4.7,27.5,77,77,304,304,112,112,33,33,5.17,5.17,1.91,1.91,7.76,7.76,4.7,4.7,27.5,27.5,1
"101","DET","Brad Holmes","HB",69.1,199.3,115,30.5,4.37,1.52,7.38,4.38,33.39,69,72.1,199,206,115,115,30.5,30.5,4.36,4.55,1.52,1.59,7.38,7.38,4.38,4.38,31,33.5,2
"102","DET","Brad Holmes","LB",75.2,244.6,125.07,32.03,4.62,1.61,6.74,4.26,37.6,71,77,232,249,119,128,30.1,33.4,4.52,4.65,1.54,1.7,6.74,6.74,4.24,4.32,37,39.5,3
"103","DET","Brad Holmes","QB",75,217,NA,33,NA,NA,NA,NA,NA,75,75,217,217,Inf,-Inf,33,33,Inf,-Inf,Inf,-Inf,Inf,-Inf,Inf,-Inf,Inf,-Inf,1
"104","DET","Brad Holmes","S",72.3,193.8,124.52,31.61,4.57,1.56,6.78,4.42,36.2,71.2,73,180,203,123,128,30.8,33,4.48,4.58,1.52,1.56,6.78,6.78,4.16,4.45,34.5,39,3
"105","DET","Brad Holmes","T",76.9,331,109,33.25,5.09,1.77,7.7,4.68,28,76.9,76.9,331,331,109,109,33.2,33.2,5.09,5.09,1.77,1.77,7.7,7.7,4.68,4.68,28,28,1
"106","DET","Brad Holmes","TE",75.2,245.8,123,31.46,4.59,1.59,6.91,4.25,35,75,76,245,249,123,123,31.1,32.9,4.59,4.59,1.59,1.59,6.91,6.91,4.25,4.25,35,35,2
"107","DET","Brad Holmes","WR",73,184.3,126.04,31.74,4.5,1.56,6.85,4.27,37.3,71.4,74,179,199,123,127,30.4,32.1,4.47,4.51,1.54,1.57,6.81,6.99,4.27,4.27,33.5,38.5,3
"108","GB","Brian Gutekunst","C",76.8,307.4,118,32.45,5.12,1.73,7.32,4.47,33,76.2,77.1,303,310,118,118,32,33.2,4.94,5.5,1.63,1.95,7.32,7.32,4.47,4.47,33,33,3
"109","GB","Brian Gutekunst","CB",71.4,194.9,125.51,31.62,4.42,1.54,6.85,4.14,36.83,70.2,74,184,205,116,128,30.9,32.8,4.34,4.63,1.5,1.62,6.71,7.19,3.98,4.36,30.5,39,7
"110","GB","Brian Gutekunst","DI",75.1,304.4,109.74,32.75,4.91,1.67,7.54,4.67,29.45,74.6,77.1,287,333,102,113,31.5,34.5,4.77,5.49,1.6,1.84,7.32,7.91,4.37,5,26.5,35.5,6
"111","GB","Brian Gutekunst","ED",76.5,273.6,118.85,34.24,4.63,1.61,7.2,4.35,34.86,75,77.1,250,277,115,131,33,34.8,4.45,4.87,1.55,1.68,7.02,7.51,4.29,4.54,31,40,6
"112","GB","Brian Gutekunst","G",76.6,312.3,106.92,33.12,5.18,1.79,7.71,4.73,29.85,76.1,77,306,321,97,110,32,34,5.08,5.33,1.77,1.84,7.55,7.86,4.62,4.88,28,33.5,5
"113","GB","Brian Gutekunst","HB",71.7,235.9,130.17,31.63,4.54,1.63,7.15,4.21,39.39,70,72.4,212,247,122,131,30.5,32.2,4.51,4.57,1.6,1.64,7,7.19,4.16,4.35,36,41,4
"114","GB","Brian Gutekunst","LB",75.2,238.1,124.48,32.75,4.54,1.59,6.9,4.27,34.36,73.2,75.8,227,241,121,131,30.2,34,4.51,4.61,1.59,1.62,6.82,7.26,4.15,4.39,32,39.5,5
"115","GB","Brian Gutekunst","QB",75.4,222.7,117.56,32.4,4.71,1.64,7.13,4.46,34.39,74,75.8,218,224,116,118,31.6,32.6,4.59,4.74,1.6,1.65,6.84,7.21,4.25,4.52,30.5,35.5,2
"116","GB","Brian Gutekunst","S",71.3,201.3,126.92,31.22,4.37,1.56,7.07,4.17,39.45,70.8,74.9,198,230,126,136,31,33.4,4.36,4.52,1.55,1.56,7.03,7.5,4.14,4.46,39,39.5,3
"117","GB","Brian Gutekunst","T",77.2,311,104.93,33.63,5.13,1.73,7.73,4.72,28.62,77.1,77.6,310,313,104,107,33.4,33.8,5.11,5.14,1.7,1.75,7.34,7.91,4.64,4.75,28,30,3
"118","GB","Brian Gutekunst","TE",76.6,250.6,119.5,32.34,4.68,1.62,7.12,4.35,34.38,74.4,78,242,254,113,125,31.6,32.8,4.61,4.75,1.54,1.7,7.08,7.19,4.29,4.41,31.5,36,4
"119","GB","Brian Gutekunst","WR",73.5,203.1,126.13,31.77,4.46,1.56,6.9,4.22,35.45,69.5,76.8,187,214,120,136,30.4,33,4.36,4.62,1.45,1.65,6.56,7.07,4.04,4.32,30.5,39,10
"120","HOU","Nick Caserio","C",75.4,302,102.8,32.87,5.24,1.8,7.79,4.8,31.5,75,77,301,306,102,106,31.4,33.2,5.22,5.33,1.79,1.82,7.75,7.96,4.73,4.82,29.5,32,2
"121","HOU","Nick Caserio","DI",74.7,302.1,108.09,32.77,5.02,1.73,7.35,4.45,31,73.5,75.4,301,304,105,110,32,33.2,4.94,5.15,1.68,1.81,7.33,7.39,4.41,4.51,31,31,2
"122","HOU","Nick Caserio","ED",76,257,120,33.12,4.73,1.68,7.43,4.53,34,76,76,257,257,120,120,33.1,33.1,4.73,4.73,1.68,1.68,7.43,7.43,4.53,4.53,34,34,1
"123","HOU","Nick Caserio","G",75.9,323,102,34.12,5.24,1.76,NA,5.12,26,75.9,75.9,323,323,102,102,34.1,34.1,5.24,5.24,1.76,1.76,Inf,-Inf,5.12,5.12,26,26,1
"124","HOU","Nick Caserio","HB",69.6,218,119,30.75,4.59,1.58,7.53,4.46,34.5,69.6,69.6,218,218,119,119,30.8,30.8,4.59,4.59,1.58,1.58,7.53,7.53,4.46,4.46,34.5,34.5,1
"125","HOU","Nick Caserio","LB",73.6,243.1,126.1,33.21,4.57,1.59,6.87,4.26,33.48,72.5,74,220,253,116,132,30.9,33.9,4.44,4.65,1.53,1.64,6.87,6.87,4.12,4.4,32,34.5,4
"126","HOU","Nick Caserio","QB",75,214.7,110,32.34,4.82,1.74,6.96,4.4,32,75,75,214,217,110,110,31.4,32.6,4.82,4.82,1.74,1.74,6.96,6.96,4.4,4.4,32,32,2
"127","HOU","Nick Caserio","S",71.8,192.5,121.12,30.63,4.45,1.55,6.91,4.19,37.36,70,72.2,190,198,119,123,30.6,30.8,4.43,4.46,1.5,1.56,6.74,6.98,4.18,4.19,35,38.5,3
"128","HOU","Nick Caserio","T",77,321,109,34.38,5.08,1.73,NA,4.99,28.5,77,77,321,321,109,109,34.4,34.4,5.08,5.08,1.73,1.73,Inf,-Inf,4.99,4.99,28.5,28.5,1
"129","HOU","Nick Caserio","TE",76.4,251.9,116.44,33.26,4.8,1.67,7.33,4.5,31.44,74.5,78.8,247,258,116,117,32.9,33.8,4.69,4.94,1.59,1.76,7.33,7.33,4.5,4.5,31,32,2
"130","HOU","Nick Caserio","WR",72,188.2,122.87,31.5,4.45,1.53,6.81,4.3,37.15,69,76.1,164,215,116,125,30.5,34.1,4.42,4.53,1.5,1.55,6.78,6.91,4.29,4.35,36,37.5,4
"131","IND","Chris Ballad","C",76.2,306,110,31.88,4.91,1.73,7.76,4.62,29.5,76.2,76.2,306,306,110,110,31.9,31.9,4.91,4.91,1.73,1.73,7.76,7.76,4.62,4.62,29.5,29.5,1
"132","IND","Chris Ballad","CB",73.2,198.1,125.06,32.62,4.51,1.57,6.92,4.16,37.73,69.6,75,170,211,118,138,30.8,34,4.28,4.59,1.48,1.6,6.63,7.31,4.01,4.47,32,42,8
"133","IND","Chris Ballad","DI",75.4,302.3,113.72,33.44,4.82,1.69,7.43,4.5,31.32,74,76.5,282,347,106,125,31.9,34,4.49,5.14,1.61,1.74,7.13,7.71,4.26,4.75,26,37.5,5
"134","IND","Chris Ballad","ED",75.6,259.6,121.99,33.74,4.62,1.62,7.07,4.31,35.37,74,77,224,276,114,134,33,35.2,4.52,4.7,1.57,1.66,6.84,7.3,4.24,4.42,31.5,40,9
"135","IND","Chris Ballad","G",77,323.5,105.12,33.66,5.23,1.79,7.66,4.62,26.74,74.9,78.4,307,325,98,115,32.5,33.8,5.13,5.33,1.78,1.81,7.65,7.77,4.53,4.78,26.5,31,3
"136","IND","Chris Ballad","HB",70.3,215,121.74,31.01,4.43,1.54,7.04,4.29,35.92,68.4,72.6,198,226,117,125,30.1,32,4.38,4.53,1.52,1.56,6.9,7.18,4.24,4.38,35.5,37,5
"137","IND","Chris Ballad","LB",73.3,234.8,120.43,33.31,4.65,1.64,7.19,4.3,35.45,72,74,221,239,116,122,30.4,34.5,4.58,4.7,1.55,1.69,6.97,7.25,4.22,4.46,30.5,38,6
"138","IND","Chris Ballad","QB",76.1,240.5,125.07,32.64,4.53,1.57,7.41,4.67,38.17,73.1,77.9,220,244,110,129,30.4,32.9,4.43,4.89,1.53,1.73,7.15,7.5,4.44,4.75,27.5,40.5,3
"139","IND","Chris Ballad","S",72.2,204.3,125.76,31.58,4.44,1.55,6.94,4.16,37.4,70.6,73.8,187,213,118,130,30.2,32.2,4.34,4.52,1.46,1.64,6.75,7.15,4.02,4.21,34.5,41,7
"140","IND","Chris Ballad","T",78.8,314.2,112.62,33.17,5.17,1.76,7.72,4.74,31.96,77,80.4,302,353,92,123,32.2,34.9,4.89,5.58,1.68,1.91,7.44,8.31,4.49,5.21,23.5,37,6
"141","IND","Chris Ballad","TE",76.9,255.1,124.15,33.14,4.62,1.59,7.07,4.37,36.73,73.4,79.1,239,269,120,129,32.2,34.1,4.54,4.76,1.57,1.62,6.95,7.31,4.33,4.52,35,37.5,4
"142","IND","Chris Ballad","WR",73.7,206.9,128.06,32.43,4.45,1.55,6.97,4.19,38.49,69,77,171,226,115,135,30.4,34.2,4.31,4.54,1.46,1.65,6.71,7.28,4.03,4.38,33.5,42.5,8
"143","JAX","Trent Baalke","C",76.1,307,102,33.12,5.21,1.77,7.75,4.95,24,76.1,76.1,307,307,102,102,33.1,33.1,5.21,5.21,1.77,1.77,7.75,7.75,4.95,4.95,24,24,1
"144","JAX","Trent Baalke","CB",72.2,193.5,124.09,31.54,4.42,1.56,7.07,4.36,35.91,69.5,73,183,203,119,132,30.1,32,4.37,4.55,1.53,1.63,6.82,7.27,4.11,4.45,34,40,5
"145","JAX","Trent Baalke","DI",74.1,305.2,104.17,32.47,4.99,1.75,7.75,4.42,29.06,74,74.1,305,306,101,105,32.4,32.5,4.97,5.07,1.73,1.82,7.68,7.77,2.88,4.83,25.5,30,2
"146","JAX","Trent Baalke","ED",76.6,268.5,122.21,34.77,4.6,1.59,7.07,4.37,34.61,73,77.6,237,279,116,129,32.4,35.5,4.47,5.11,1.54,1.77,6.89,7.82,4.32,4.75,28.5,36.5,4
"147","JAX","Trent Baalke","G",75,304,108,33,5.11,1.9,7.9,4.71,29,75,75,304,304,108,108,33,33,5.11,5.11,1.9,1.9,7.9,7.9,4.71,4.71,29,29,1
"148","JAX","Trent Baalke","HB",70.6,214.7,123.97,31.24,4.48,1.55,NA,NA,32.61,70.1,72,210,222,118,128,30.2,32,4.41,4.59,1.54,1.56,Inf,-Inf,Inf,-Inf,29.5,33.5,3
"149","JAX","Trent Baalke","LB",74.2,236.7,127.13,32.49,4.65,1.59,7.06,4.28,36.88,72,74.8,232,239,126,129,31.6,33,4.63,4.66,1.58,1.61,7.06,7.06,4.28,4.28,35,40,3
"150","JAX","Trent Baalke","QB",77.6,213,NA,31.5,NA,NA,NA,NA,NA,77.6,77.6,213,213,Inf,-Inf,31.5,31.5,Inf,-Inf,Inf,-Inf,Inf,-Inf,Inf,-Inf,Inf,-Inf,1
"151","JAX","Trent Baalke","S",73,210.8,118,32.39,4.52,1.55,7.18,2.83,31,72.6,74,198,216,118,118,32.1,32.5,4.52,4.52,1.55,1.55,7.18,7.18,2.83,2.83,31,31,2
"152","JAX","Trent Baalke","T",77.5,314.1,107.64,33.96,5.12,1.79,7.44,4.59,28.94,76,79.5,313,315,105,111,33.8,34.1,4.98,5.3,1.77,1.82,7.44,7.44,4.59,4.59,28.5,29.5,2
"153","JAX","Trent Baalke","TE",76.5,252.4,122.13,31.71,4.73,1.61,7.22,4.43,36.16,76,77.5,251,253,118,124,31.1,33,4.7,4.79,1.57,1.69,7.14,7.25,4.36,4.46,36,36.5,2
"154","JAX","Trent Baalke","WR",71.7,213.4,125,31.03,4.43,1.56,7.02,4.16,39.5,70,74,204,226,125,125,29,33.8,4.43,4.43,1.56,1.56,7.02,7.02,4.16,4.16,39.5,39.5,2
"155","KC","Brett Veach","C",76,312,112,32.5,5.09,1.74,7.54,4.46,33,76,76,312,312,112,112,32.5,32.5,5.09,5.09,1.74,1.74,7.54,7.54,4.46,4.46,33,33,1
"156","KC","Brett Veach","CB",72,196.7,126.07,31.06,4.45,1.53,7.03,4.3,37.58,70.1,74.9,189,206,117,131,29.8,32.9,4.37,4.53,1.5,1.59,7.02,7.06,4.14,4.39,34,41,9
"157","KC","Brett Veach","DI",73.1,321,99.49,32.56,5.18,1.78,7.88,4.81,28.63,72.4,74.8,314,332,96,105,31.5,33.5,5.01,5.33,1.73,1.82,7.57,8.15,4.62,5.02,27,30.5,4
"158","KC","Brett Veach","ED",75.4,264.1,120.28,33.42,4.78,1.63,7.23,4.31,35.32,74,77.5,243,283,110,129,32.5,34.6,4.61,4.87,1.57,1.65,6.94,7.63,2.84,4.65,32.5,38,6
"159","KC","Brett Veach","G",77.1,318.9,102.71,34.04,5.27,1.79,7.83,4.87,27.36,76.2,77.4,310,322,99,112,32.2,35,5.11,5.32,1.77,1.81,7.43,8.11,4.66,4.96,25,31,3
"160","KC","Brett Veach","HB",67.5,206.5,123.05,29.18,4.58,1.59,6.98,4.29,39.03,67.2,70.4,198,216,118,126,29,30.5,4.37,4.6,1.49,1.6,6.93,7.09,4.27,4.3,33,39.5,3
"161","KC","Brett Veach","LB",72.7,238.5,124.5,31.77,4.54,1.61,7.04,4.24,35.87,71.1,74.6,223,250,115,136,31,32.6,4.46,4.61,1.5,1.71,6.64,7.4,3.94,4.5,32,40.5,4
"162","KC","Brett Veach","S",71.7,203.2,131.03,31.13,4.45,1.56,6.98,4.27,40.74,70.2,72.2,199,205,120,141,30.4,31.4,4.38,4.51,1.52,1.57,6.86,7.25,4.2,4.37,35,44,4
"163","KC","Brett Veach","T",77.5,310.9,111,34.7,5.1,1.73,NA,NA,28.5,77,78,307,315,111,111,34.2,35.1,5.1,5.1,1.73,1.73,Inf,-Inf,Inf,-Inf,28.5,28.5,2
"164","KC","Brett Veach","TE",75,240,115,31.62,4.57,1.61,6.83,4.37,35,75,75,240,240,115,115,31.6,31.6,4.57,4.57,1.61,1.61,6.83,6.83,4.37,4.37,35,35,1
"165","KC","Brett Veach","WR",71.1,196.1,124.38,31.46,4.43,1.51,6.96,4.26,37.25,69.9,73,187,204,119,128,30.2,32.8,4.33,4.51,1.46,1.64,6.75,7.13,4.23,4.32,34.5,41,4
"166","LA","Les Snead","C",74.7,303,99,32.38,5.38,1.87,7.81,4.71,26.5,73,76.5,300,306,99,99,32.4,32.4,5.34,5.43,1.87,1.87,7.81,7.81,4.71,4.71,26.5,26.5,2
"167","LA","Les Snead","CB",70.3,191.5,122.44,31.65,4.48,1.58,6.98,4.21,37.03,67,73.9,178,204,114,133,29,33.2,4.38,4.79,1.47,1.66,6.45,7.26,3.97,4.4,31,43,11
"168","LA","Les Snead","DI",74.7,303.6,108.48,33.36,5.02,1.72,7.36,4.6,29.81,72.6,77,285,322,96,116,31.2,35,4.69,5.31,1.63,1.83,7.08,8.03,4.39,4.81,26.5,33,8
"169","LA","Les Snead","ED",75.2,256.9,119.61,33.42,4.75,1.67,7.06,4.42,34.92,71.4,77.2,235,283,106,130,32.4,34.5,4.5,5.03,1.53,1.85,4.8,7.44,4.31,4.7,25.5,40,13
"170","LA","Les Snead","G",76.4,320.3,102.2,33.54,5.2,1.81,7.73,4.65,27.58,73.8,78.2,301,338,98,112,33,34.6,4.9,5.58,1.71,1.94,7.41,7.87,4.22,4.9,23.5,31,8
"171","LA","Les Snead","HB",70.4,211.1,120.93,30.83,4.49,1.52,6.95,4.31,34.78,68.4,72.6,192,222,116,135,28.6,31.6,4.39,4.65,1.42,1.58,6.7,7.13,4.12,4.51,32,40.5,11
"172","LA","Les Snead","LB",73.9,237.9,121.64,33.06,4.71,1.64,7.2,4.32,34.55,70.9,77,211,250,116,126,30.5,35.2,4.56,4.91,1.57,1.69,6.88,7.48,4.04,4.39,30.5,38.5,10
"173","LA","Les Snead","QB",75.7,214.9,110.38,32.44,4.85,1.69,7.2,4.43,28.38,71,77.6,192,229,105,118,28.9,33.5,4.67,5.14,1.59,1.87,7.17,7.43,4.2,4.47,27,33.5,4
"174","LA","Les Snead","S",72.7,209.5,122.23,31.5,4.61,1.59,6.88,4.2,37.02,70,74.5,192,220,115,131,29.5,33.1,4.45,4.78,1.52,1.64,6.72,7.16,3.99,4.51,33.5,43,10
"175","LA","Les Snead","T",77.2,323.4,107.92,34.52,5.1,1.79,7.83,4.8,28.59,73.9,79.4,306,332,96,116,33.5,35,4.92,5.48,1.72,1.92,7.36,8.28,4.61,4.88,24.5,33.5,9
"176","LA","Les Snead","TE",76.3,243.3,122.24,32.93,4.67,1.62,7.07,4.33,35.83,75,78,239,249,115,126,32.1,34,4.62,4.84,1.6,1.67,6.88,7.31,4.28,4.45,30.5,38.5,5
"177","LA","Les Snead","WR",72,193.4,119.52,31.68,4.46,1.58,6.93,4.15,33.47,68.5,77,155,220,115,133,29.2,34.2,4.34,4.65,1.49,1.66,6.54,7.32,4.01,4.38,31,40.5,14
"178","LV","Tom Telesco","C",76.6,301.6,111,32.27,5.09,1.75,7.5,4.69,33.5,75.8,77,298,310,111,111,31.8,32.5,5.09,5.09,1.75,1.75,7.5,7.5,4.69,4.69,33.5,33.5,2
"179","LV","Tom Telesco","CB",70.2,189.8,126.24,30.44,4.44,1.51,6.83,4.1,37.25,68.9,72.6,180,210,117,136,29.8,32.1,4.38,4.6,1.47,1.58,6.67,7.3,4,4.52,33,40.5,8
"180","LV","Tom Telesco","DI",76.1,305.5,108.43,33.56,5.07,1.75,7.63,4.52,30.39,73.2,78.5,293,337,88,115,31.8,34.4,4.93,5.47,1.69,1.86,7.31,8,4.33,4.75,26,33.5,7
"181","LV","Tom Telesco","ED",75.7,260.2,117.61,33.05,4.76,1.65,7.05,4.34,33.18,74,77.2,244,280,111,120,31,33.8,4.57,4.92,1.55,1.8,6.89,7.44,4.21,4.68,31.5,37.5,9
"182","LV","Tom Telesco","G",75.5,317.6,107.62,34.17,5.21,1.81,7.52,4.72,28.63,74,76.6,303,339,98,112,32.2,36.6,4.98,5.5,1.74,1.91,7.38,7.7,4.46,5,24,32,8
"183","LV","Tom Telesco","HB",72.1,213.9,121.26,31.96,4.56,1.62,7,4.19,33.17,70.4,74.1,199,228,108,126,30.6,32.4,4.49,4.7,1.57,1.73,6.75,7.06,4.07,4.47,30,38.5,7
"184","LV","Tom Telesco","LB",73.5,236.4,120.42,32.43,4.64,1.61,7.06,4.27,34.88,70.8,75.8,218,254,113,129,31,33.9,4.44,4.82,1.53,1.67,6.67,7.21,4.14,4.35,32,38,9
"185","LV","Tom Telesco","QB",77.3,232.9,121.45,32.64,4.68,1.62,7.03,4.42,34.66,73,78.2,207,236,112,123,30.4,32.9,4.52,4.97,1.55,1.71,6.65,7.26,4.05,4.55,29,35.5,4
"186","LV","Tom Telesco","S",73.1,208.3,129.22,32.27,4.5,1.57,7.15,4.26,38.54,70.5,74.1,195,215,119,132,30.9,33,4.36,4.62,1.54,1.67,6.81,7.34,4.08,4.34,32,40,5
"187","LV","Tom Telesco","T",76.8,305,112.02,33.25,4.98,1.71,7.54,4.52,32.24,76.2,78.1,298,311,107,114,32.8,34,4.88,5.27,1.68,1.8,7.48,7.84,4.45,4.7,26,33.5,4
"188","LV","Tom Telesco","TE",76.6,249,113,32.58,4.68,1.6,7.16,4.41,31.5,76,76.9,247,250,113,113,32.2,32.8,4.68,4.68,1.6,1.6,7.16,7.16,4.41,4.41,31.5,31.5,2
"189","LV","Tom Telesco","WR",74,208.5,124.79,32.44,4.52,1.6,7.13,4.26,35.19,68,75.6,163,226,114,134,29.1,33.6,4.36,4.6,1.46,1.66,6.56,7.31,4.03,4.38,30.5,40.5,9
"190","LV","Dave Ziegler","DI",76,317.4,112,32.73,5.25,1.8,8.21,4.96,25.51,75.9,76.1,297,330,112,112,32.2,33.5,5,5.41,1.69,1.86,7.89,8.41,4.81,5.05,21.5,32,2
"191","LV","Dave Ziegler","G",74.6,311,108,33.12,4.93,1.66,7.78,4.7,26.5,74.6,74.6,311,311,108,108,33.1,33.1,4.93,4.93,1.66,1.66,7.78,7.78,4.7,4.7,26.5,26.5,1
"192","LV","Dave Ziegler","HB",71.9,213,127.35,31.54,4.45,1.54,7.12,4.31,33.58,71.8,72.5,208,214,124,128,31.5,31.8,4.4,4.69,1.51,1.69,7.12,7.12,4.31,4.31,33.5,34,2
"193","LV","Dave Ziegler","T",77.8,328,104,35.12,5.39,1.8,7.74,4.77,22,77.8,77.8,328,328,104,104,35.1,35.1,5.39,5.39,1.8,1.8,7.74,7.74,4.77,4.77,22,22,1
"194","MIA","Chris Grier","CB",71.9,194.9,126.75,31.51,4.48,1.56,7.07,4.21,35.23,70.4,73.2,180,201,121,134,30.1,32.2,4.4,4.58,1.49,1.61,6.7,7.18,4.15,4.32,29.5,38.5,6
"195","MIA","Chris Grier","DI",76.1,312.6,107.97,33.03,5.09,1.77,7.86,4.69,28.99,74.6,78.1,304,315,104,111,32.4,34.4,5.04,5.27,1.76,1.83,7.58,7.95,4.55,4.91,28,29.5,4
"196","MIA","Chris Grier","ED",76,256.6,117.62,32.76,4.69,1.62,7.19,4.26,34.22,74.4,77.4,232,275,109,125,32.4,33.9,4.56,4.89,1.51,1.72,6.89,7.47,4.13,4.42,31,39,6
"197","MIA","Chris Grier","G",76.6,315.5,108.35,33.63,5.26,1.82,7.86,4.85,28.01,75.1,77.1,309,337,102,111,32.2,34.2,5.23,5.34,1.81,1.84,7.83,7.88,4.81,4.93,25.5,28.5,4
"198","MIA","Chris Grier","HB",71.3,209.3,118.03,30.94,4.45,1.57,7.05,4.3,34,68.5,73.5,189,236,111,123,29.1,32.8,4.32,4.8,1.49,1.71,6.91,7.31,4.21,4.36,32,39.5,6
"199","MIA","Chris Grier","LB",73.6,233.8,124.87,32.47,4.55,1.59,7.09,4.25,36.57,72,74,229,240,121,129,31.5,33,4.47,4.61,1.52,1.62,6.88,7.25,4.15,4.39,33,42,4
"200","MIA","Chris Grier","QB",72.3,216.7,106.54,30.62,5.1,1.74,7.3,4.43,28.57,72,75.4,213,217,103,112,30.5,32,4.91,5.22,1.62,1.81,7,7.49,4.28,4.52,27,31,3
"201","MIA","Chris Grier","S",72.2,203.7,122.95,31.05,4.46,1.53,NA,4.14,33.98,72,72.5,198,207,121,126,30.1,31.4,4.46,4.46,1.52,1.55,Inf,-Inf,4.14,4.14,33,35.5,3
"202","MIA","Chris Grier","T",77.4,316.1,110.95,33.6,5.09,1.74,7.77,4.66,29.12,76.9,78.5,298,323,103,115,32.4,36.2,5.07,5.18,1.73,1.83,7.39,7.95,4.58,5.02,26.5,31,6
"203","MIA","Chris Grier","TE",77.1,249.4,122.47,33.47,4.65,1.6,7.05,4.23,36.04,74.1,77.5,231,254,110,129,31.8,34.1,4.54,4.81,1.56,1.67,6.76,7.41,4.1,4.42,31,41,4
"204","MIA","Chris Grier","WR",70.6,191.4,122.42,31,4.51,1.58,7.09,4.33,35.86,65.9,75,165,235,117,127,29.6,33.5,4.37,4.63,1.54,1.7,6.94,7.2,4.03,4.55,35,36.5,7
"205","MIN","Kwesi Adofo-Mensah","CB",72.4,190,128.33,31.65,4.49,1.54,7.18,4.21,35.57,71,74,178,197,125,132,31,32.5,4.46,4.55,1.53,1.54,7.07,7.31,4.09,4.35,34.5,36,4
"206","MIN","Kwesi Adofo-Mensah","DI",75,305,101,32.75,5.17,1.82,8.01,5,26,75,75,305,305,101,101,32.8,32.8,5.17,5.17,1.82,1.82,8.01,8.01,5,5,26,26,1
"207","MIN","Kwesi Adofo-Mensah","ED",77.2,282,NA,34.5,NA,NA,NA,NA,NA,77.2,77.2,282,282,Inf,-Inf,34.5,34.5,Inf,-Inf,Inf,-Inf,Inf,-Inf,Inf,-Inf,Inf,-Inf,1
"208","MIN","Kwesi Adofo-Mensah","G",75.2,307,102,33.62,5.02,1.68,7.81,4.76,20.5,75.2,75.2,307,307,102,102,33.6,33.6,5.02,5.02,1.68,1.68,7.81,7.81,4.76,4.76,20.5,20.5,1
"209","MIN","Kwesi Adofo-Mensah","HB",70.8,205.7,121,31.61,4.38,1.46,7.4,4.41,31,70,71.2,204,209,121,121,30.6,32.1,4.38,4.38,1.46,1.46,7.4,7.4,4.41,4.41,31,31,2
"210","MIN","Kwesi Adofo-Mensah","LB",72.2,226,124,32.62,4.56,1.55,NA,NA,36.5,72.2,72.2,226,226,124,124,32.6,32.6,4.56,4.56,1.55,1.55,Inf,-Inf,Inf,-Inf,36.5,36.5,1
"211","MIN","Kwesi Adofo-Mensah","QB",72,207,NA,29.75,4.63,1.59,7.06,4.19,NA,72,72,207,207,Inf,-Inf,29.8,29.8,4.63,4.63,1.59,1.59,7.06,7.06,4.19,4.19,Inf,-Inf,1
"212","MIN","Kwesi Adofo-Mensah","S",74.2,199,133,32.25,4.37,1.45,NA,NA,36.5,74.2,74.2,199,199,133,133,32.2,32.2,4.37,4.37,1.45,1.45,Inf,-Inf,Inf,-Inf,36.5,36.5,1
"213","MIN","Kwesi Adofo-Mensah","T",76.6,314,99,35.38,5.22,1.75,7.83,4.71,25.5,76.6,76.6,314,314,99,99,35.4,35.4,5.22,5.22,1.75,1.75,7.83,7.83,4.71,4.71,25.5,25.5,1
"214","MIN","Kwesi Adofo-Mensah","TE",76.5,258,111,31.75,4.71,1.63,7.09,4.26,30.5,76.5,76.5,258,258,111,111,31.8,31.8,4.71,4.71,1.63,1.63,7.09,7.09,4.26,4.26,30.5,30.5,1
"215","MIN","Kwesi Adofo-Mensah","WR",71,174.9,122.89,30.78,4.49,1.55,7.05,4.2,34.59,71,71.2,173,186,122,128,30.2,30.9,4.49,4.5,1.52,1.56,7.03,7.05,4.19,4.28,34,38,2
"216","NE","Bill Belichick","C",75.4,314.3,100.59,33.26,5.29,1.8,8.1,4.88,25.75,74.8,75.9,305,327,97,108,32.9,33.9,5.15,5.44,1.74,1.83,7.9,8.46,4.73,5.02,21.5,30.5,4
"217","NE","Bill Belichick","CB",71.9,195.3,125.37,31.36,4.47,1.58,6.8,4.15,36.86,68,75.6,171,215,116,133,28.9,32.8,4.33,4.64,1.48,1.66,6.39,7.03,4.01,4.63,32.5,43,16
"218","NE","Bill Belichick","DI",74.8,307.9,103.45,33.3,5.05,1.7,7.87,4.59,29.44,73.8,76.1,288,329,98,111,32.5,34.6,4.93,5.19,1.57,1.81,7.66,8.03,4.59,4.62,29,30,5
"219","NE","Bill Belichick","ED",76.2,266.3,118.19,33.82,4.77,1.67,7.11,4.36,33.95,74,77.5,248,293,100,124,32,35.6,4.59,5.1,1.57,1.76,6.9,7.82,4.07,4.69,29.5,37,13
"220","NE","Bill Belichick","G",75.8,313,110.4,32.57,5.12,1.78,7.52,4.67,27.62,73.4,76.9,295,344,96,120,31.2,34.4,4.95,5.52,1.71,1.88,7.44,8.15,4.5,5.27,23,32,10
"221","NE","Bill Belichick","HB",70.6,215.5,117.85,30.96,4.55,1.61,6.97,4.26,34.88,69.1,71.6,204,230,112,126,29.2,31.9,4.37,4.65,1.51,1.67,6.78,7.39,4.2,4.47,31.5,38.5,8
"222","NE","Bill Belichick","LB",74,248.8,117.24,32.66,4.63,1.64,7.3,4.45,32.96,71.2,76,208,265,111,129,30.5,33.6,4.45,4.84,1.52,1.71,6.89,7.55,4.2,4.64,29.5,38.5,13
"223","NE","Bill Belichick","QB",75.2,226,111.35,32.3,4.9,1.71,7.1,4.38,30.06,72.5,78.8,215,253,103,116,31,34.4,4.68,5.37,1.6,1.84,7.04,7.28,4.26,4.53,24,32,7
"224","NE","Bill Belichick","S",72.4,209.9,124.52,32.4,4.54,1.6,6.9,4.23,36.04,70.8,75,196,221,111,134,30.8,33.5,4.49,4.65,1.56,1.62,6.59,7.04,4.04,4.4,32,42,7
"225","NE","Bill Belichick","T",77.4,317.6,107.11,34.15,5.1,1.81,7.77,4.67,30.53,74.4,80.2,302,358,97,110,33.4,35.5,4.96,5.28,1.77,1.88,7.44,8.41,4.34,5,23.5,33,10
"226","NE","Bill Belichick","TE",76,257.1,116.81,32.78,4.77,1.66,7.08,4.29,31.57,75,77.8,253,266,108,125,30.5,34.4,4.71,4.94,1.62,1.76,6.99,7.15,4.19,4.51,29,34,5
"227","NE","Bill Belichick","WR",72.9,202.9,125.17,32.16,4.42,1.53,7.05,4.29,36.01,67,74.8,179,228,112,134,28,33.1,4.28,4.53,1.41,1.62,6.68,7.25,4.1,4.39,29,39.5,12
"228","NO","Mickey Loomis","C",75.9,303,107,33,4.89,1.72,8.28,4.62,31,75.9,75.9,303,303,107,107,33,33,4.89,4.89,1.72,1.72,8.28,8.28,4.62,4.62,31,31,1
"229","NO","Mickey Loomis","CB",72.1,199.3,125.32,31.45,4.47,1.54,6.91,4.23,37.08,70.6,74.6,189,218,110,132,30,32.6,4.36,4.61,1.47,1.65,6.69,7.08,4.13,4.33,32,41.5,10
"230","NO","Mickey Loomis","DI",75.1,308.1,112.4,33.51,5.02,1.74,7.45,4.58,31.23,73.1,77,294,346,100,119,32.5,35.1,4.86,5.21,1.66,1.82,7.2,7.8,4.38,4.94,24.5,34.5,7
"231","NO","Mickey Loomis","ED",76.5,266.4,120.79,33.82,4.69,1.65,7.09,4.36,33.97,74,77.8,246,287,112,132,31.2,35.4,4.57,4.93,1.52,1.72,6.7,7.43,4.2,4.56,30.5,42.5,10
"232","NO","Mickey Loomis","G",77,311.4,106.32,33.69,5.17,1.8,7.96,4.65,31.09,74.8,78.9,307,324,85,113,31.2,34.4,5.08,5.44,1.77,1.88,7.91,8.04,4.62,4.92,23,33,4
"233","NO","Mickey Loomis","HB",69.8,212.3,127.34,31.61,4.53,1.59,7.04,4.31,38.39,66.8,72.2,193,215,109,135,29.9,32.8,4.4,4.61,1.54,1.68,6.67,7.22,4.15,4.4,29,41.5,6
"234","NO","Mickey Loomis","LB",74.7,240.9,120.08,32.99,4.57,1.59,7.01,4.24,35.33,72.8,75.8,228,250,114,125,32.1,34.6,4.42,4.71,1.51,1.65,6.63,7.19,4.03,4.38,30.5,39.5,10
"235","NO","Mickey Loomis","QB",73.1,212.5,117.44,30.35,4.71,1.65,6.99,4.29,33.88,72,76,207,237,114,121,29.8,32,4.65,4.75,1.62,1.71,6.97,7.01,4.19,4.35,32.5,35,4
"236","NO","Mickey Loomis","S",71.9,206.4,123.53,32.23,4.57,1.59,6.83,4.16,37.29,70.5,73.2,199,214,119,129,30,32.6,4.48,4.63,1.54,1.61,6.78,6.94,4.06,4.43,30.5,43.5,7
"237","NO","Mickey Loomis","T",78.1,314.7,110.17,33.74,4.96,1.71,7.46,4.71,29.93,76,79.1,299,325,95,112,32.2,34.2,4.71,5.67,1.65,1.9,7.25,8.03,4.62,5.12,25.5,34.5,8
"238","NO","Mickey Loomis","TE",76.8,253.8,115.18,32.85,4.78,1.65,6.88,4.28,31.98,76,77,249,255,114,120,32.6,33.8,4.7,4.8,1.65,1.65,6.78,7.27,4.27,4.34,31,36,2
"239","NO","Mickey Loomis","WR",72.5,196.7,124.89,31.72,4.43,1.53,6.86,4.11,34.46,69.8,75.5,187,215,120,133,30.5,34.5,4.33,4.57,1.45,1.6,6.76,7.42,3.81,4.5,32,39.5,8
"240","NYG","Joe Schoen","C",75,301,104,32.62,5.35,1.78,NA,4.56,29.5,75,75,301,301,104,104,32.6,32.6,5.35,5.35,1.78,1.78,Inf,-Inf,4.56,4.56,29.5,29.5,1
"241","NYG","Joe Schoen","CB",72.4,192.3,129.53,31.04,4.41,1.51,6.94,4.17,38.63,72,73.9,175,205,122,136,30.1,32.1,4.35,4.52,1.49,1.56,6.74,7.01,4.1,4.24,34,42,4
"242","NYG","Joe Schoen","DI",75.8,329.5,96.56,33.08,5.23,1.84,7.93,4.73,27.33,75.4,77.4,327,338,95,102,33,33.4,5.22,5.28,1.83,1.89,7.85,8.21,4.72,4.76,25,28,2
"243","NYG","Joe Schoen","ED",76,254,119,33.12,4.58,1.56,7.23,4.38,NA,76,76,254,254,119,119,33.1,33.1,4.58,4.58,1.56,1.56,7.23,7.23,4.38,4.38,Inf,-Inf,1
"244","NYG","Joe Schoen","G",76.9,316.5,106.33,34.4,5.22,1.8,7.82,4.67,28.23,76.2,78.5,308,340,105,110,34,35.5,5.19,5.31,1.78,1.85,7.81,7.83,4.56,4.99,27.5,28.5,2
"245","NYG","Joe Schoen","HB",69.5,207,118,29.62,4.62,1.55,7.17,4.1,37.5,69.5,69.5,207,207,118,118,29.6,29.6,4.62,4.62,1.55,1.55,7.17,7.17,4.1,4.1,37.5,37.5,1
"246","NYG","Joe Schoen","LB",74.2,238.8,120.86,31.71,4.66,1.58,6.89,4.16,35.61,73.1,75.8,237,240,118,125,31.2,32.4,4.63,4.7,1.54,1.63,6.88,6.91,4.15,4.17,35,36.5,2
"247","NYG","Joe Schoen","S",72,195,125,32,NA,NA,NA,NA,37.5,72,72,195,195,125,125,32,32,Inf,-Inf,Inf,-Inf,Inf,-Inf,Inf,-Inf,37.5,37.5,1
"248","NYG","Joe Schoen","T",79.5,337,NA,34,NA,NA,NA,NA,NA,79.5,79.5,337,337,Inf,-Inf,34,34,Inf,-Inf,Inf,-Inf,Inf,-Inf,Inf,-Inf,Inf,-Inf,1
"249","NYG","Joe Schoen","TE",76.9,253,125,32.5,4.63,1.52,7.05,4.47,34.5,76.9,76.9,253,253,125,125,32.5,32.5,4.63,4.63,1.52,1.52,7.05,7.05,4.47,4.47,34.5,34.5,1
"250","NYG","Joe Schoen","WR",69.7,177.2,125.16,29.68,4.42,1.49,7.02,4.21,36.82,68,72,176,178,118,135,27.6,32.5,4.4,4.44,1.49,1.5,6.99,7.06,4.13,4.33,34.5,40,2
"251","NYJ","Joe Douglas","C",78,313,NA,32.75,NA,NA,NA,NA,NA,78,78,313,313,Inf,-Inf,32.8,32.8,Inf,-Inf,Inf,-Inf,Inf,-Inf,Inf,-Inf,Inf,-Inf,1
"252","NYJ","Joe Douglas","CB",74,191.8,131.43,33.04,4.41,1.5,5.73,5.27,40.79,70,74.8,179,204,128,136,30.2,33.5,4.3,4.49,1.46,1.51,4.12,6.93,4.1,6.84,39.5,42.5,4
"253","NYJ","Joe Douglas","DI",75.1,310,114,32.25,4.81,1.7,NA,NA,32,75.1,75.1,310,310,114,114,32.2,32.2,4.81,4.81,1.7,1.7,Inf,-Inf,Inf,-Inf,32,32,1
"254","NYJ","Joe Douglas","ED",75.5,249.6,127.89,34.37,4.71,1.63,6.93,4.27,35.06,75,77.2,239,264,116,132,32.9,34.9,4.64,4.85,1.61,1.65,6.85,7.2,4.22,4.45,33,36,3
"255","NYJ","Joe Douglas","G",77.5,311,NA,35.38,NA,NA,NA,NA,NA,77.5,77.5,311,311,Inf,-Inf,35.4,35.4,Inf,-Inf,Inf,-Inf,Inf,-Inf,Inf,-Inf,Inf,-Inf,1
"256","NYJ","Joe Douglas","HB",70.4,213.2,123.29,30.98,4.46,1.57,7.01,4.19,37.92,67.9,71.2,201,217,118,128,29.1,32,4.39,4.62,1.5,1.66,6.81,7.14,3.98,4.32,34,41,4
"257","NYJ","Joe Douglas","LB",76.1,250.5,124.67,33.67,4.57,1.59,7.02,4.27,32.33,73.4,76.6,233,254,123,125,32,34,4.54,4.58,1.57,1.59,7.02,7.02,4.27,4.27,32,34,2
"258","NYJ","Joe Douglas","QB",74.4,216.2,112,31.03,4.89,1.73,7.51,4.64,29,74.1,76,214,229,112,112,30.6,33.4,4.89,4.89,1.73,1.73,7.51,7.51,4.64,4.64,29,29,2
"259","NYJ","Joe Douglas","S",73.4,206.6,124.04,32.16,4.63,1.6,7.07,4.32,36.25,72.8,75.2,196,216,123,126,30.5,34.5,4.39,4.75,1.53,1.64,6.94,7.15,4.27,4.36,32,42,4
"260","NYJ","Joe Douglas","T",77.8,330.5,105.14,33.91,5.15,1.78,7.76,4.62,29.38,76.4,79.4,307,364,101,106,32.1,35.6,5.1,5.32,1.77,1.81,7.65,8.09,4.61,4.65,25,32,4
"261","NYJ","Joe Douglas","TE",77.8,251.1,128,33.02,4.55,1.57,6.87,4.12,40,77.5,79,250,255,128,128,32.8,34,4.55,4.55,1.57,1.57,6.87,6.87,4.12,4.12,40,40,2
"262","NYJ","Joe Douglas","WR",71.7,186.9,123.9,31.86,4.37,1.54,6.66,4.27,36.56,69.4,74.9,178,207,120,131,30.1,33.9,4.35,4.38,1.53,1.57,6.66,6.66,4,4.43,36,38.5,3
"263","PHI","Howie Roseman","C",76.4,311.8,117.19,32.86,4.91,1.72,7.2,4.42,32.9,74.6,78,280,326,110,119,32.5,33.4,4.89,4.92,1.71,1.76,7.19,7.22,4.14,4.49,30.5,33.5,3
"264","PHI","Howie Roseman","CB",71.9,195.5,122.78,31.28,4.46,1.55,6.91,4.17,35.83,69.1,74,182,209,113,130,29.5,32.4,4.36,4.61,1.5,1.6,6.51,7.21,3.97,4.5,31.5,40.5,12
"265","PHI","Howie Roseman","DI",75.8,312.4,111.81,33.58,4.84,1.66,7.2,4.52,29.99,73.1,78.4,275,341,103,123,30.6,34.5,4.62,5.38,1.63,1.79,6.87,7.65,4.25,4.67,25,38.5,10
"266","PHI","Howie Roseman","ED",75.4,254.4,119.02,33.07,4.7,1.64,7.14,4.43,34.53,72.4,80.9,231,302,105,128,32,36,4.39,4.89,1.5,1.76,6.9,7.48,4,4.6,29,41.5,14
"267","PHI","Howie Roseman","G",75.3,306.7,98.02,33.68,5.28,1.81,7.5,4.57,26.55,73.9,75.9,301,310,92,108,32.8,34.2,5.13,5.36,1.69,1.89,7.27,7.61,4.44,4.62,26,30,3
"268","PHI","Howie Roseman","HB",69.7,200.4,119.75,29.94,4.49,1.58,6.95,4.28,34.77,66.6,71.5,175,223,112,124,28.1,30.6,4.47,4.56,1.54,1.62,6.83,7.26,4.18,4.46,33.5,36,6
"269","PHI","Howie Roseman","LB",72.2,232.8,122.38,31.8,4.58,1.6,6.89,4.25,35.8,69.6,74.4,218,246,109,127,31,33.5,4.44,4.89,1.53,1.71,6.68,7.17,4.15,4.46,30.5,39.5,10
"270","PHI","Howie Roseman","QB",76.2,232.9,118.35,32.69,4.8,1.67,6.94,4.31,31.56,73,78,222,243,112,125,30.6,34.2,4.59,5.14,1.6,1.77,6.86,7.22,4.15,4.68,30.5,35,6
"271","PHI","Howie Roseman","S",71.3,203.6,124.01,31.42,4.53,1.55,6.93,4.18,35.79,69.8,73.1,184,212,113,134,28.8,32.2,4.44,4.62,1.46,1.68,6.76,7.18,4.07,4.49,30,42,8
"272","PHI","Howie Roseman","T",77.7,312.4,114.09,34.18,4.94,1.72,7.52,4.58,30.57,74.9,80.1,303,346,96,118,32.8,35.5,4.72,5.6,1.68,1.98,7.31,8.26,4.4,5,24.5,34,10
"273","PHI","Howie Roseman","TE",76.7,251.2,115.57,32.76,4.74,1.67,7.06,4.39,32.55,75.9,77,241,256,111,121,31.6,34,4.62,4.76,1.59,1.68,7.02,7.09,4.3,4.47,30.5,35,3
"274","PHI","Howie Roseman","WR",72.7,199.4,124.71,32.29,4.47,1.58,7.06,4.31,36.99,70.6,76,170,225,116,138,31.2,33.2,4.42,4.53,1.52,1.63,6.83,7.31,4.07,4.46,32,42,11
"275","PIT","Omar Khan","CB",74.1,198.6,131,33.83,4.46,1.52,6.7,4.06,37.5,74,75.4,198,205,131,131,32,34,4.46,4.46,1.52,1.52,6.7,6.7,4.06,4.06,37.5,37.5,2
"276","PIT","Omar Khan","DI",76,309,111,33.88,5.08,1.79,7.34,4.65,29.5,76,76,309,309,111,111,33.9,33.9,5.08,5.08,1.79,1.79,7.34,7.34,4.65,4.65,29.5,29.5,1
"277","PIT","Omar Khan","ED",74,240,NA,31.25,4.65,1.59,NA,NA,NA,74,74,240,240,Inf,-Inf,31.2,31.2,4.65,4.65,1.59,1.59,Inf,-Inf,Inf,-Inf,Inf,-Inf,1
"278","PIT","Omar Khan","G",77,309,113,32.12,5.18,1.8,7.63,5,30.5,77,77,309,309,113,113,32.1,32.1,5.18,5.18,1.8,1.8,7.63,7.63,5,5,30.5,30.5,1
"279","PIT","Omar Khan","T",77,311,108,34.75,4.97,1.74,NA,NA,30,77,77,311,311,108,108,34.8,34.8,4.97,4.97,1.74,1.74,Inf,-Inf,Inf,-Inf,30,30,1
"280","PIT","Omar Khan","TE",78.5,264,122,34.38,4.64,1.57,NA,4.08,31,78.5,78.5,264,264,122,122,34.4,34.4,4.64,4.64,1.57,1.57,Inf,-Inf,4.08,4.08,31,31,1
"281","SEA","John Schneider","C",77.2,320.4,111,32.89,5.07,1.75,7.59,4.79,29.5,73.8,77.9,299,325,111,111,30,33.5,5.07,5.07,1.75,1.75,7.59,7.59,4.79,4.79,29.5,29.5,2
"282","SEA","John Schneider","CB",72.3,192.4,125.17,31.7,4.45,1.57,7.02,4.3,36.26,69,76.1,181,220,115,132,30.4,33.9,4.26,4.6,1.47,1.61,6.82,7.31,3.96,4.49,32.5,42,14
"283","SEA","John Schneider","DI",75.5,298.4,106.46,33.7,5.01,1.75,7.72,4.67,28.42,73.2,77.8,283,323,84,119,32,34.8,4.76,5.23,1.55,1.84,7.16,8.13,4.36,5.07,22.5,38,15
"284","SEA","John Schneider","ED",75.3,257,118.19,33.33,4.65,1.64,7,4.19,34.12,72.4,77.4,227,275,108,123,32.1,35.4,4.38,4.95,1.54,1.72,6.7,7.51,4.03,4.62,28.5,38.5,12
"285","SEA","John Schneider","G",76.2,315.9,105.1,33.47,5.25,1.82,7.82,4.69,28.14,74,78,298,327,93,113,33,35.1,4.97,5.51,1.69,1.96,7.4,8.32,4.41,4.95,24,36,10
"286","SEA","John Schneider","HB",70.7,216.7,121.52,31.26,4.49,1.56,7.08,4.31,35.55,69.2,72.5,199,228,113,130,30.2,33.2,4.38,4.62,1.5,1.63,6.69,7.69,4.02,4.69,28.5,43,13
"287","SEA","John Schneider","LB",73.8,244.3,125.3,32.81,4.55,1.6,7.07,4.26,36.25,72,75.8,226,261,116,132,31.2,34.5,4.44,4.71,1.55,1.69,6.85,7.26,4,4.54,32,42,11
"288","SEA","John Schneider","QB",71.4,205.8,116.92,31.05,4.55,1.59,7.02,4.16,33.73,70.6,75,204,214,112,118,31,31.2,4.53,4.62,1.59,1.6,6.97,7.27,4.09,4.5,32.5,34,2
"289","SEA","John Schneider","S",72,209.3,117.01,31.6,4.54,1.6,7.01,4.27,33.79,69.8,73,196,218,115,125,30.2,33,4.44,4.62,1.54,1.65,6.79,7.16,4.09,4.36,31,39,7
"290","SEA","John Schneider","T",77,315.1,109.19,34.41,5.1,1.77,7.73,4.65,28.61,74.5,80,307,332,95,115,32.8,36,4.92,5.55,1.64,1.92,7.09,8.19,4.4,5.06,23,33.5,10
"291","SEA","John Schneider","TE",77.5,256.1,112.53,33.65,4.79,1.67,7.08,4.33,31.67,75.8,79.2,251,262,109,122,33.2,34.2,4.51,4.89,1.53,1.72,7.05,7.15,4.2,4.46,28,38,4
"292","SEA","John Schneider","WR",72.5,200.8,124.16,31.65,4.44,1.57,6.93,4.21,36.24,68.8,77.2,175,229,114,135,29.9,34.9,4.33,4.64,1.47,1.66,6.57,7.38,3.93,4.5,31,40.5,16
"293","SF","John Lynch","CB",72.2,194.3,126.32,32.33,4.42,1.55,6.92,4.21,38.34,69,74.8,188,199,118,139,30.6,33.1,4.32,4.51,1.51,1.58,6.82,7.02,4.06,4.43,34.5,40.5,8
"294","SF","John Lynch","DI",75.9,314.1,108,34.22,4.93,1.69,7.73,4.65,28.5,72.6,77.1,280,324,108,108,32.5,34.9,4.87,5.04,1.66,1.75,7.73,7.73,4.65,4.65,28.5,28.5,4
"295","SF","John Lynch","ED",75.2,267.6,120.37,33.09,4.73,1.63,7.04,4.24,33.73,73,77,243,280,111,126,32.4,34.6,4.48,4.94,1.62,1.65,6.91,7.32,4.14,4.77,28.5,35,5
"296","SF","John Lynch","G",77.2,316.1,102.43,33.16,5.29,1.85,7.74,4.87,29.14,76.1,78.1,304,325,100,106,32.2,34.8,5.19,5.35,1.77,1.91,7.69,7.87,4.73,5,26,31,3
"297","SF","John Lynch","HB",71.7,210.9,122.84,31.64,4.48,1.53,7.06,4.29,34.38,70.1,72.4,201,215,117,128,30.8,33.4,4.38,4.57,1.49,1.58,6.83,7.25,4.19,4.4,30,37.5,4
"298","SF","John Lynch","LB",73.3,237.2,121.27,32.65,4.65,1.59,7.05,4.35,35.93,71,75.4,220,254,112,127,31.6,34,4.49,4.73,1.55,1.68,6.9,7.31,4.28,4.56,30.5,38.5,6
"299","SF","John Lynch","QB",75.6,222.8,113,31.28,4.84,1.61,6.98,4.25,30.56,73.2,75.9,212,224,113,113,29,31.5,4.84,4.84,1.61,1.61,6.95,7.21,4.23,4.45,27,31,3
"300","SF","John Lynch","S",71.8,203.6,122.3,31.51,4.59,1.56,7.01,4.2,33.86,71,72.6,197,216,117,131,30.8,32,4.38,4.65,1.5,1.61,6.87,7.24,4.06,4.31,32.5,37,5
"301","SF","John Lynch","T",79.1,310.9,105.58,33.77,5.22,1.78,7.69,4.7,28.41,76.1,79.9,309,320,105,110,32.5,34,5.13,5.26,1.67,1.83,7.54,7.77,4.67,4.73,25.5,30,4
"302","SF","John Lynch","TE",76.2,245.8,120.57,32.4,4.74,1.65,7.12,4.31,33.29,75.5,77,241,255,108,132,31.1,33.2,4.52,4.92,1.59,1.69,6.76,7.31,4.07,4.47,32,35,5
"303","SF","John Lynch","WR",72.4,202.8,124.33,32.06,4.51,1.58,7.07,4.17,36.97,68,76.8,181,226,117,128,28.8,33.5,4.33,4.72,1.51,1.65,6.74,7.38,4.01,4.37,29,40,9
"304","TB","Jason Licht","CB",71.5,200.5,125.38,31.34,4.47,1.57,7,4.17,37.77,70.5,74,189,206,118,130,30.5,32.8,4.3,4.54,1.51,1.59,6.88,7.3,3.98,4.53,32,41.5,8
"305","TB","Jason Licht","DI",76.4,319.3,102.75,32.54,5.02,1.73,7.39,4.51,28.8,73,78.1,283,347,91,105,31.5,32.8,4.75,5.45,1.66,1.86,7.25,7.97,4.44,5,24.5,30,5
"306","TB","Jason Licht","ED",75.2,262.9,116.95,32.87,4.7,1.62,7.08,4.33,34.64,73,79,241,281,112,121,30.6,34.9,4.51,4.85,1.56,1.68,6.93,7.21,4.15,4.36,31,37,8
"307","TB","Jason Licht","G",77,307.2,104.36,32.95,5.14,1.79,7.57,4.63,28.63,75.9,78,302,313,97,108,32.2,35.5,4.98,5.39,1.71,1.87,7.33,8.04,4.47,4.84,26.5,30.5,5
"308","TB","Jason Licht","HB",70.9,211.9,119.56,31.06,4.5,1.59,7.11,4.28,35.89,67.9,72.4,188,247,112,126,30,31.8,4.42,4.8,1.52,1.64,6.93,7.16,4.26,4.3,32,38,7
"309","TB","Jason Licht","LB",72.6,235.4,119.62,32.01,4.51,1.59,7.11,4.23,38.16,71,74.2,225,243,118,125,30.1,33,4.42,4.75,1.56,1.68,7.06,7.38,4.17,4.41,32.5,41.5,9
"310","TB","Jason Licht","QB",76,232.1,105.13,32.21,5,1.74,7.14,4.41,29.14,75.8,77.1,231,236,103,113,32,33,4.97,5.1,1.74,1.75,7.08,7.16,4.36,4.6,28.5,31.5,2
"311","TB","Jason Licht","S",70.8,201.1,124.68,31.04,4.51,1.57,6.88,4.16,37.78,69.1,74.1,198,205,116,132,29.8,32.9,4.33,4.6,1.46,1.61,6.48,7.16,3.94,4.31,34,41.5,5
"312","TB","Jason Licht","T",77,321.3,112.53,33.88,5.04,1.75,7.76,4.76,32.78,76.4,77.6,306,338,104,121,32.2,34.5,4.85,5.27,1.68,1.82,7.58,8.15,4.65,5.11,27.5,36.5,5
"313","TB","Jason Licht","TE",77.6,254.8,119.52,33.53,4.61,1.58,6.92,4.25,30.86,76.4,78,250,262,111,121,32.8,33.8,4.51,4.98,1.55,1.8,6.85,7.15,4.16,4.53,30,34.5,5
"314","TB","Jason Licht","WR",73.6,210.8,122.9,32.99,4.47,1.57,6.98,4.19,36.48,67.6,76.8,174,231,113,129,29.2,35.1,4.33,4.53,1.51,1.64,6.66,7.13,4,4.27,29.5,41.5,9
"315","TEN","Ran Carthon","HB",70,201,125,30.75,4.52,1.57,7.27,4.32,39,70,70,201,201,125,125,30.8,30.8,4.52,4.52,1.57,1.57,7.27,7.27,4.32,4.32,39,39,1
"316","TEN","Ran Carthon","QB",76,229,124,32,NA,NA,NA,NA,34,76,76,229,229,124,124,32,32,Inf,-Inf,Inf,-Inf,Inf,-Inf,Inf,-Inf,34,34,1
"317","TEN","Ran Carthon","T",76.2,312.1,114.75,32.34,5.15,1.75,7.8,NA,34.13,76,78,306,313,113,115,32.2,33,5.1,5.16,1.75,1.78,7.8,7.8,Inf,-Inf,31.5,34.5,2
"318","TEN","Ran Carthon","TE",78.5,248,115,31.5,4.69,1.61,7.15,4.4,33.5,78.5,78.5,248,248,115,115,31.5,31.5,4.69,4.69,1.61,1.61,7.15,7.15,4.4,4.4,33.5,33.5,1
"319","TEN","Ran Carthon","WR",74.5,212,133,33,4.42,1.56,7.07,4.17,41.5,74.5,74.5,212,212,133,133,33,33,4.42,4.42,1.56,1.56,7.07,7.07,4.17,4.17,41.5,41.5,1
