"","team","projected_position","avgheight","avgweight","avgbroad","avgarm","avgfourty","avgten","avgthree","avgshuttle","avgvert","minheight","maxheight","minweight","maxweight","minbroad","maxbroad","minarm","maxarm","minfourty","maxfourty","minten","maxten","minthree","maxthree","minshuttle","maxshuttle","minvert","maxvert","players"
"1","ARI","C",75.4,304.2,104.76,32.55,5.19,1.8,7.55,4.65,27.79,74.1,76.1,301,307,96,114,31.5,33.6,5.01,5.33,1.73,1.91,7.31,7.77,4.45,4.78,23.5,32.5,5
"2","ARI","CB",71.4,202,124.9,31.41,4.41,1.56,6.73,4.11,36.93,70,74,181,219,118,136,29,33.5,4.31,4.55,1.49,1.62,6.58,7.22,3.97,4.3,30.5,43.5,12
"3","ARI","DI",75.7,300.4,113.24,33.92,4.98,1.73,7.71,4.71,31.35,74,77.4,284,330,103,116,32.4,34.5,4.85,5.15,1.67,1.8,7.38,8.07,4.61,4.75,27,35,8
"4","ARI","ED",75.2,255.8,120.54,33.19,4.73,1.65,7.12,4.39,33.57,73,77.9,228,281,110,133,31.1,35,4.52,5,1.57,1.74,6.69,7.39,4.27,4.59,28.5,37.5,11
"5","ARI","G",75.1,307.7,107.1,33.46,5.15,1.83,7.87,4.85,27.37,74.1,77.2,300,318,99,114,31.9,35.2,5.06,5.39,1.79,1.92,7.77,8.39,4.58,5.09,23.5,30,7
"6","ARI","HB",70.1,211.8,121.8,30.94,4.57,1.61,6.92,4.25,37.08,68.9,72.6,196,224,110,127,30.1,32,4.37,4.76,1.53,1.65,6.61,7.19,4.07,4.5,30,41.5,8
"7","ARI","LB",74.4,239.8,124.94,33.05,4.57,1.58,7.27,4.36,35.55,71.8,76.9,211,259,115,132,31.6,34.2,4.39,4.81,1.51,1.69,6.96,7.57,4.21,4.5,32,39,8
"8","ARI","QB",72.6,215.2,112.5,29.97,4.87,1.68,7.1,4.29,31.91,70.1,76,207,229,108,122,28.5,32.6,4.64,4.92,1.55,1.71,6.89,7.52,4.25,4.45,29.5,37.5,4
"9","ARI","S",70.2,192.2,116.67,30.98,4.48,1.55,6.84,4.15,33.28,68.8,73,182,205,115,120,30.2,32.1,4.4,4.57,1.5,1.6,6.76,7.13,4.08,4.42,32,35.5,6
"10","ARI","T",77.8,311.1,107.35,34.95,5.19,1.84,7.8,4.72,30.07,77,79.5,303,316,100,119,33.2,36.1,4.9,5.47,1.75,1.86,7.49,8.07,4.64,4.95,27.5,36,7
"11","ARI","TE",77.3,253.5,116.31,33.71,4.58,1.61,7.24,4.38,33.89,74.8,78.5,240,270,113,119,32.5,34.5,4.46,4.97,1.58,1.73,6.9,7.62,4.18,4.7,29,37,7
"12","ARI","WR",71.8,200.6,122.06,31.27,4.41,1.57,6.97,4.25,36.68,67,77.4,156,227,115,128,28.2,35.2,4.28,4.63,1.49,1.63,6.68,7.28,4.1,4.45,30,42.5,13
"13","ATL","C",75.6,308.6,99,32.64,5.14,1.74,7.33,4.52,33,73.2,77,299,314,99,99,32,33,5.11,5.16,1.74,1.74,7.33,7.33,4.52,4.52,33,33,2
"14","ATL","CB",71.8,193.1,126.87,31.51,4.45,1.55,6.88,4.13,36.05,68.4,73.5,184,203,121,132,28.8,33.5,4.38,4.51,1.5,1.61,6.67,7.09,3.85,4.32,33,39,10
"15","ATL","DI",75.4,304,110.83,32.91,5.01,1.74,7.59,4.58,31.97,72,77.9,286,314,100,116,31.6,35,4.69,5.16,1.67,1.89,7.03,7.87,4.38,4.79,26,35.5,7
"16","ATL","ED",75,253.7,123.43,34.1,4.63,1.63,7.13,4.39,35.94,73.9,77,243,276,112,130,32.5,36.4,4.53,4.95,1.59,1.74,6.64,7.48,4.15,4.66,29.5,41,11
"17","ATL","G",75.8,306.6,112.37,33.2,5.04,1.73,7.7,4.63,29.71,74,76.1,297,314,105,117,31.8,34.1,4.91,5.18,1.68,1.8,7.45,8.16,4.54,4.85,25.5,30.5,7
"18","ATL","HB",70.4,211.8,120.68,30.88,4.5,1.57,7.21,4.35,34.72,65.9,73,196,228,113,125,28.9,32,4.4,4.6,1.52,1.67,7.03,7.53,4.26,4.56,29.5,37,8
"19","ATL","LB",73.9,234.8,121.7,32.5,4.59,1.6,7.07,4.31,35.11,72.5,75.6,222,253,108,128,31.8,33.6,4.42,5.01,1.49,1.7,6.89,7.33,4.12,4.5,33,38.5,10
"20","ATL","QB",75.3,211.9,127,32.75,4.55,1.54,7.15,4.29,36,75.1,75.4,211,219,127,127,32.8,32.8,4.52,4.76,1.54,1.54,7.15,7.15,4.29,4.29,36,36,2
"21","ATL","S",71.8,203.6,126.22,31.97,4.54,1.58,6.9,4.33,36.89,69.1,74.2,184,215,117,132,30,32.8,4.38,4.75,1.5,1.67,6.5,7.29,4.15,4.57,31,42,11
"22","ATL","T",77.7,315.8,104.58,33.43,5.14,1.78,7.54,4.63,30.47,77,79.1,308,326,96,111,32.6,35.2,5.05,5.31,1.75,1.86,7.34,8.05,4.47,4.91,27,33.5,6
"23","ATL","TE",77.6,249.6,124.28,33.67,4.56,1.59,7.11,4.36,33.08,75.8,80.1,245,262,113,129,33.5,34.5,4.44,4.86,1.55,1.7,7,7.34,4.3,4.59,31,33.5,5
"24","ATL","WR",73.8,208.1,123.38,32.73,4.42,1.54,6.77,4.29,35.89,67.9,75.9,186,220,110,135,30.5,33.8,4.34,4.61,1.5,1.6,6.63,7.05,4.07,4.41,31,39,8
"25","BAL","C",74.3,298.8,108.39,31.78,5.07,1.79,7.21,4.57,31.56,74.1,75.5,296,317,98,110,31.1,36,5.04,5.23,1.78,1.85,7.13,7.69,4.56,4.57,25.5,32.5,2
"26","BAL","CB",72.2,197.7,122.22,31.66,4.45,1.56,6.89,4.17,35.07,69.1,74.2,182,219,117,131,29.1,33.9,4.36,4.63,1.5,1.65,6.5,7.26,3.93,4.4,31.5,38,14
"27","BAL","DI",75.5,306.5,106.53,33.28,4.96,1.73,7.52,4.65,30.06,73,78,288,336,102,118,31.2,34.6,4.83,5.1,1.62,1.8,7.08,8.02,4.47,4.95,27,33,11
"28","BAL","ED",75.7,260.6,118.23,33.28,4.68,1.64,7.18,4.45,33.28,73.5,78.5,243,298,107,134,31.6,34.5,4.39,4.95,1.58,1.81,6.75,8.08,4.15,5.12,27,39.5,15
"29","BAL","G",76.7,322.2,101.44,33.77,5.23,1.83,7.89,4.83,27.93,74.8,78,296,354,92,110,31.1,35.9,4.85,5.46,1.77,1.92,7.55,8.25,4.47,5.17,24,32,13
"30","BAL","HB",70.8,213.5,122.61,31,4.5,1.58,6.98,4.26,36.65,68,72.8,197,229,118,130,29.4,32,4.4,4.58,1.5,1.6,6.79,7.07,4.06,4.28,33,41.5,8
"31","BAL","LB",73.3,235.7,119.65,32.54,4.57,1.58,7.16,4.35,35.46,72.2,74.6,229,247,116,125,31.6,33.4,4.43,4.66,1.55,1.64,6.83,7.38,4.25,4.48,32.5,40.5,6
"32","BAL","QB",73.6,214.8,114.33,32.53,4.67,1.63,6.97,4.15,33.09,72.1,74,202,218,100,126,31,33.1,4.47,5,1.56,1.72,6.78,7.09,4.09,4.25,28,37.5,4
"33","BAL","S",72.7,210,123.39,32.28,4.51,1.58,7.06,4.33,36.34,69.9,76.1,196,220,116,131,29.2,33.5,4.42,4.62,1.53,1.64,6.85,7.35,4.07,4.56,31.5,38,8
"34","BAL","T",78.5,326.8,97.49,35.11,5.37,1.87,7.95,4.93,27.19,77.6,80,302,384,82,111,34,35.6,5.2,5.85,1.79,2.04,7.41,8.47,4.59,5.38,19.5,29.5,7
"35","BAL","TE",76.8,251.9,118.46,33.1,4.74,1.67,7.23,4.38,33.38,74.8,78.5,238,268,112,125,31.9,34.5,4.46,5.04,1.54,1.81,6.96,7.42,4.23,4.57,30.5,37.5,9
"36","BAL","WR",72.1,196.3,124.79,31.67,4.42,1.55,6.95,4.24,36.55,69,76.9,166,220,112,140,29.5,34.8,4.26,4.62,1.51,1.62,6.72,7.27,4.01,4.41,33,43.5,17
"37","BUF","CB",71.9,192.3,122.22,31.13,4.43,1.54,6.91,4.2,36.39,70,73.5,180,208,114,129,29.9,32.2,4.37,4.59,1.46,1.64,6.61,7.23,3.94,4.56,32,41.5,15
"38","BUF","DI",74.8,306.5,109.43,33.03,4.93,1.71,7.59,4.51,30.48,73.9,76,287,394,99,120,31.8,34.5,4.73,5.53,1.63,1.84,7.15,8.44,4.22,5.08,27,36,5
"39","BUF","ED",76.2,268.3,118.02,33.69,4.75,1.64,7.26,4.34,32.38,73,78.5,241,275,112,122,32.8,34.8,4.64,5.04,1.57,1.79,6.97,7.5,4.21,4.56,30,34.5,6
"40","BUF","G",76.2,321.3,102.79,33.65,5.28,1.83,7.96,4.84,26.22,74.5,78.4,303,330,91,114,31.9,34.6,5.21,5.36,1.78,1.85,7.45,8.27,4.7,4.87,23.5,29.5,8
"41","BUF","HB",70,211.3,119.47,30.66,4.56,1.62,7.17,4.37,33.48,67.5,73.1,199,230,117,124,28.9,33,4.42,4.66,1.54,1.71,6.97,7.32,4.29,4.46,32.5,35,6
"42","BUF","LB",74.2,241.2,117.27,32.68,4.65,1.63,7.17,4.29,33.2,72.1,76.5,223,253,106,126,30.2,34.5,4.49,4.86,1.54,1.72,6.89,7.64,4.18,4.75,28,38.5,15
"43","BUF","QB",76.4,236.5,117.39,32.98,4.74,1.64,7.01,4.33,33.49,73.9,77,219,253,110,119,31.1,33.8,4.65,5.01,1.59,1.81,6.9,7.27,4.21,4.51,30,36,5
"44","BUF","S",71.4,207.1,123.3,31.83,4.55,1.62,6.91,4.15,35.68,70.1,72.4,191,223,115,127,29.6,33.5,4.48,4.69,1.58,1.67,6.72,7.17,4,4.72,33,37.5,5
"45","BUF","T",78.2,324.4,103.2,35.04,5.21,1.82,7.75,4.8,27.75,75.9,80.2,311,345,93,117,32.9,35.8,4.88,5.46,1.71,1.91,7.03,8.15,4.44,5,23.5,32,9
"46","BUF","TE",75.8,248.7,119.11,32.64,4.68,1.62,7.18,4.35,33.79,74.8,76.8,244,254,110,125,29.8,33.6,4.5,4.93,1.56,1.78,7.08,7.4,4.27,4.51,30.5,37.5,5
"47","BUF","WR",72.5,202.1,124.85,31.83,4.44,1.56,6.94,4.27,35.15,68.9,76,180,229,113,133,28.9,33.8,4.27,4.61,1.49,1.63,6.46,7.35,4.01,4.59,33,42,14
"48","CAR","C",NA,NA,NA,NA,NA,NA,NA,NA,NA,Inf,-Inf,Inf,-Inf,Inf,-Inf,Inf,-Inf,Inf,-Inf,Inf,-Inf,Inf,-Inf,Inf,-Inf,Inf,-Inf,1
"49","CAR","CB",71.8,196.4,125,31.73,4.47,1.56,6.98,4.29,37.25,69.9,74.1,178,211,116,133,29.5,33.4,4.23,4.64,1.49,1.65,6.85,7.44,4.15,4.58,33,41.5,14
"50","CAR","DI",75.1,314.2,104.34,33.66,5.14,1.81,7.86,4.7,28.05,73.1,76.6,297,332,87,108,30.1,35.1,4.85,5.33,1.7,1.89,7.54,8.22,4.54,4.91,24,30.5,10
"51","CAR","ED",76.4,258.3,122.06,34.5,4.68,1.62,7.1,4.46,34.75,74.4,77.2,235,273,114,131,33.2,35.6,4.36,4.92,1.49,1.71,6.83,7.48,4.38,4.59,31,38.5,8
"52","CAR","G",75.4,315,104.52,33.4,5.23,1.83,7.86,4.77,28.66,74.6,76.8,310,344,102,107,32.4,34.1,4.93,5.45,1.78,1.9,7.57,8.16,4.65,4.87,22.5,32.5,6
"53","CAR","HB",70.9,205.1,119.9,30.26,4.49,1.56,6.82,4.27,36.26,69.2,72,196,220,116,122,29.6,32,4.47,4.53,1.51,1.64,6.57,7.37,4.18,4.63,30,37.5,6
"54","CAR","LB",74.1,239.9,118.02,32.15,4.61,1.62,7.01,4.17,35.1,71.6,76,222,260,110,128,30.5,34.6,4.49,4.74,1.57,1.69,6.92,7.5,4.08,4.5,32,38,9
"55","CAR","QB",73.6,224.1,123.75,31.96,4.61,1.61,6.95,4.2,34.84,70,77,204,248,112,126,30.5,33.8,4.56,4.84,1.6,1.68,6.92,7.09,4.18,4.28,34,35,4
"56","CAR","S",73.2,207.3,126.39,31.61,4.53,1.59,7.11,4.31,35.99,71.6,75,197,221,116,138,30.8,33.1,4.45,4.61,1.55,1.63,7.04,7.16,4.22,4.33,30,41,5
"57","CAR","T",76.8,312.9,109.02,33.83,5.05,1.77,7.77,4.72,29.65,76,78,302,327,95,124,32.2,35,4.89,5.5,1.71,1.97,7.33,8.18,4.46,5.15,26,34,6
"58","CAR","TE",75.5,249.5,122.46,32.3,4.66,1.59,7.15,4.2,36.27,75.2,76.5,241,259,122,123,31.9,34.2,4.6,4.74,1.56,1.63,7.15,7.15,4.2,4.2,36,36.5,3
"59","CAR","WR",73.4,212.8,124.26,32.46,4.48,1.58,7.06,4.27,37.55,69.4,77,179,240,117,132,30,34.9,4.31,4.7,1.5,1.66,6.83,7.33,4.07,4.48,32.5,40.5,10
"60","CHI","C",75.3,299.1,109.82,32.26,5.02,1.71,7.59,4.65,26.22,74,75.8,297,301,109,110,32.1,32.4,4.95,5.03,1.69,1.73,7.32,7.85,4.58,4.74,25.5,29.5,3
"61","CHI","CB",71.7,193.5,125.98,32.26,4.5,1.57,6.95,4.18,37.93,68.6,74.5,173,220,114,133,31,34.4,4.41,4.68,1.48,1.71,6.62,7.4,3.96,4.41,34,43.5,11
"62","CHI","DI",75.1,308,108.29,32.87,5.05,1.77,7.64,4.75,29.56,72,78,285,336,99,116,31,34.4,4.88,5.36,1.65,1.89,7.31,7.99,4.49,5.03,26,32.5,10
"63","CHI","ED",76.5,253.4,122.8,33.11,4.62,1.59,7.14,4.33,36.28,75.4,77.6,244,265,117,128,32.8,34,4.55,4.72,1.59,1.61,6.88,7.47,4.19,4.74,31.5,41,6
"64","CHI","G",76.6,309.8,106.89,33.63,5.01,1.77,7.68,4.57,28.85,74.8,78.1,306,313,102,109,32.6,34.6,4.91,5.36,1.74,1.86,7.29,8.13,4.4,4.9,27,30.5,5
"65","CHI","HB",70.2,210.1,119.44,31.24,4.54,1.58,7.13,4.33,32.15,66.5,72,179,230,115,132,29.8,32.2,4.37,4.7,1.52,1.66,6.96,7.22,4.23,4.53,28.5,42,9
"66","CHI","LB",73,239.2,117.12,32.26,4.59,1.6,7.18,4.26,32.79,72.8,74,229,246,114,120,31.6,33,4.51,4.73,1.57,1.66,6.99,7.58,4.2,4.37,30,35,7
"67","CHI","QB",74.4,224.4,113.74,32.11,4.64,1.64,6.95,4.29,27.34,73.6,76,212,240,103,116,31.2,32.5,4.44,5.22,1.62,1.78,6.87,7.55,4.25,4.5,25.5,28,4
"68","CHI","S",73.1,202.7,122.56,31.19,4.51,1.58,6.95,4.15,34.87,70.6,75,188,218,115,127,30,32.2,4.43,4.64,1.52,1.65,6.88,7.15,4.03,4.38,32.5,39.5,11
"69","CHI","T",77.6,321.8,108.52,34.09,5.1,1.79,7.76,4.71,29.85,75.9,79,303,353,98,114,33.1,35.4,4.96,5.55,1.65,1.93,7.4,8.1,4.4,4.88,22.5,32.5,10
"70","CHI","TE",78.1,269.9,122.01,33.25,4.74,1.68,7.27,4.4,34.78,77.8,78.5,262,278,121,123,33,33.5,4.7,4.79,1.65,1.71,7.09,7.44,4.38,4.41,32.5,37,2
"71","CHI","WR",73,204.5,121.6,31.93,4.43,1.55,6.93,4.25,35.91,69.9,74.9,175,216,112,133,28.8,33,4.31,4.59,1.46,1.65,6.65,7.38,4.14,4.53,28.5,39.5,11
"72","CIN","C",75.6,306.4,109,32.14,5.18,1.85,8.26,4.66,29,75.1,75.8,305,310,109,109,32,32.5,5.18,5.18,1.85,1.85,8.26,8.26,4.66,4.66,29,29,2
"73","CIN","CB",72,192.3,121.4,31.18,4.44,1.55,6.97,4.23,34.75,69.9,73.6,178,209,114,131,30.2,32.6,4.26,4.63,1.47,1.64,6.57,7.31,4.06,4.4,29.5,39.5,14
"74","CIN","DI",75.6,299.1,107.33,33.57,4.96,1.74,7.66,4.58,29.75,72.6,77,258,350,100,118,33,34.5,4.53,5.4,1.59,1.9,7.22,8.19,4.29,4.97,27.5,32,8
"75","CIN","ED",76.5,269.8,117.93,33.46,4.75,1.66,7.15,4.42,34.48,73.6,80.1,255,307,107,131,31,34.6,4.53,4.99,1.57,1.89,6.84,7.46,4.19,4.57,25.5,41.5,12
"76","CIN","G",76.5,310.4,103.9,33.31,5.27,1.82,7.82,4.7,28.8,75,78.1,298,320,96,116,32.2,34.2,5.07,5.46,1.76,1.89,7.52,8.31,4.51,4.95,25,32.5,10
"77","CIN","HB",70.6,215.4,119.55,30.42,4.55,1.57,7.12,4.3,34.11,68.1,72.8,202,233,113,132,28,32.6,4.43,4.73,1.51,1.65,6.85,7.64,4.04,4.59,29,40.5,11
"78","CIN","LB",73.7,236.9,119.06,32.03,4.62,1.63,7.02,4.3,34.29,71.4,74.9,224,248,109,128,31,33.4,4.4,4.93,1.56,1.71,6.73,7.32,4,4.49,28,42,12
"79","CIN","QB",75.2,218.6,107.46,31.32,4.82,1.75,7.04,4.26,29.63,73,76,213,221,99,116,30.9,32.9,4.73,4.94,1.69,1.77,6.93,7.2,4.15,4.34,28,31.5,5
"80","CIN","S",72.6,205.9,120.89,31.76,4.48,1.56,6.92,4.21,35.34,70,76,196,225,117,133,29.8,34.5,4.36,4.61,1.5,1.61,6.64,7.17,4.03,4.44,33.5,41,9
"81","CIN","T",77.1,306.5,104.24,34.08,5.12,1.79,7.79,4.66,29.84,76.4,79.6,302,317,100,115,32.5,35.9,5.01,5.29,1.77,1.83,7.25,8.08,4.33,4.81,28,34,7
"82","CIN","TE",76.9,251.7,117.35,33.22,4.7,1.64,7.07,4.37,33.73,74.5,77.8,246,262,113,120,32.5,34.8,4.62,4.76,1.58,1.66,6.92,7.36,4.27,4.57,30.5,35.5,6
"83","CIN","WR",73.5,202.3,126.48,32.42,4.44,1.57,6.93,4.21,35.82,68.5,76.9,175,228,107,133,30,34.4,4.22,4.68,1.49,1.66,6.64,7.37,3.98,4.58,29.5,41,16
"84","CLE","C",74.3,303,104.83,32.06,5.12,1.78,7.6,4.52,29.78,72.9,77.5,302,306,103,108,31.6,32.9,5.1,5.14,1.74,1.83,7.52,7.64,4.49,4.53,29,30.5,3
"85","CLE","CB",71.8,191.2,127.07,31.91,4.42,1.53,6.88,4.25,36.42,68.9,75.5,180,202,114,136,29.6,35.2,4.32,4.59,1.47,1.62,6.6,7.07,3.94,4.39,32,40,16
"86","CLE","DI",75.1,310.8,108.45,32.98,5.15,1.79,7.57,4.67,30.5,73.5,77,263,339,95,122,31.5,35.6,4.69,5.64,1.67,1.9,7.14,7.99,4.37,4.99,27,36.5,14
"87","CLE","ED",76.1,262.5,122.89,34.31,4.66,1.62,7.12,4.46,36.01,72.5,78.9,241,277,114,128,31,35.5,4.58,4.84,1.58,1.68,6.84,7.34,4.36,4.65,28.5,41,9
"88","CLE","G",76.9,309.5,108.79,33.63,5.12,1.81,7.61,4.59,29.76,75.4,79.2,302,321,98,114,32.6,34.1,4.96,5.39,1.73,1.87,7.37,7.88,4.44,4.91,26.5,32,7
"89","CLE","HB",69.6,221.9,122.29,30.77,4.51,1.6,7.11,4.28,34.99,68,70.9,189,228,109,128,30,32,4.46,4.66,1.56,2.59,6.88,7.31,4.16,4.51,31,38.5,7
"90","CLE","LB",73.4,233.3,120.31,32.26,4.66,1.61,7.13,4.33,35.71,71.8,75,221,244,110,126,30.5,33,4.58,4.9,1.55,1.67,6.8,7.38,4.15,4.5,31,39,11
"91","CLE","QB",73.5,216.6,109.23,31.27,4.81,1.68,7.11,4.28,30.38,71.8,76.2,203,233,102,121,30.2,33.1,4.56,4.89,1.51,1.72,6.75,7.4,4,4.53,29,32.5,6
"92","CLE","S",71.8,208.6,125.78,30.9,4.51,1.57,7.05,4.25,35.6,70,74.5,195,217,118,130,30.4,32.9,4.44,4.83,1.53,1.69,6.73,7.44,4.14,4.49,32.5,39,8
"93","CLE","T",77.3,318.1,102.74,34.34,5.19,1.85,7.92,4.84,30.58,76.2,80,298,374,89,113,32.6,36.4,4.9,5.38,1.75,1.92,7.86,8.05,4.66,4.94,26.5,34.5,7
"94","CLE","TE",75.9,245.7,123.25,33.6,4.65,1.6,7.03,4.28,36.35,73.1,77.6,231,254,110,133,30.6,35.2,4.53,4.79,1.54,1.66,6.82,7.41,4.03,4.44,30,40,7
"95","CLE","WR",72.7,204,124.99,31.83,4.46,1.55,7.05,4.3,37.14,69.9,75,172,231,116,139,30.2,33.5,4.26,4.68,1.51,1.67,6.8,7.32,4.13,4.57,32,44.5,14
"96","DAL","C",75.6,312.5,97,32.82,5.58,1.91,7.81,4.76,28.5,75.6,75.6,312,314,97,97,32.2,33,5.58,5.58,1.91,1.91,7.81,7.81,4.76,4.76,28.5,28.5,2
"97","DAL","CB",72.1,195.3,127.83,32.08,4.47,1.55,6.97,4.14,36.73,70.2,76.1,183,212,115,147,30.1,34,4.28,4.71,1.44,1.64,6.57,7.28,3.84,4.57,31,44.5,17
"98","DAL","DI",74.8,305,110.35,33.47,5,1.74,7.66,4.61,30.96,72.2,77.1,275,327,95,120,32,34.8,4.79,5.34,1.69,1.81,7.09,8.21,4.38,5.15,27.5,35,11
"99","DAL","ED",75.8,256.8,117.12,33.76,4.76,1.66,7.23,4.4,33.3,74,77.6,223,277,100,125,32.1,34.8,4.46,5.03,1.55,1.78,6.8,7.8,4.23,4.73,27,39.5,14
"100","DAL","G",76.5,303.1,107.34,33.09,5.14,1.78,7.67,4.6,30.17,74.9,77.2,296,311,103,112,32.9,33.9,5.05,5.31,1.72,1.89,7.14,7.83,4.38,4.63,28,34,5
"101","DAL","HB",71.4,217.3,120.6,31.17,4.47,1.57,7.11,4.25,33.97,65,73.4,179,228,116,133,27.8,33.5,4.37,4.63,1.53,1.63,6.82,7.28,4.18,4.37,32.5,41,8
"102","DAL","LB",74.6,243.8,121.73,32.62,4.6,1.61,7.03,4.32,35.71,72,76.2,229,256,110,127,30.9,33.9,4.39,4.97,1.55,1.79,6.88,7.3,4.15,4.53,30,40.5,15
"103","DAL","QB",75.1,222.8,107.76,32.1,4.91,1.69,7.27,4.35,30.23,73.5,76.6,210,226,96,116,31.9,32.2,4.79,5.09,1.66,1.73,7.11,7.5,4.32,4.4,27,32.5,3
"104","DAL","S",71.9,209.6,123.04,31.45,4.56,1.57,6.96,4.14,35.99,71.1,72,197,217,111,128,30.4,33.4,4.52,4.64,1.52,1.65,6.72,7.55,4.07,4.5,32,40.5,6
"105","DAL","T",77.2,312.9,106.82,35.06,5.03,1.72,7.68,4.68,29.45,76,79.6,305,324,95,113,33.4,36.4,4.93,5.19,1.67,1.9,7.47,8,4.56,4.89,27.5,33.5,7
"106","DAL","TE",77.2,252.1,119.81,32.86,4.73,1.64,6.96,4.34,32.8,75.8,78.2,244,273,114,127,31.2,33.6,4.43,4.84,1.57,1.71,6.76,7.28,4.11,4.58,31.5,36,7
"107","DAL","WR",73,200.5,120.97,31.6,4.51,1.58,6.92,4.22,34.67,68.5,75,181,222,111,130,28,34.1,4.42,4.69,1.49,1.67,6.69,7.15,4,4.37,32,37,12
"108","DEN","C",75.2,311,106.82,33.43,5.19,1.79,7.69,4.67,29.24,74.5,76,299,320,95,113,32.8,34.1,4.99,5.34,1.72,1.85,7.33,8.18,4.46,5.12,20.5,32,7
"109","DEN","CB",72,197.7,125.3,31.75,4.44,1.55,6.83,4.14,37.68,69.5,74,182,208,115,134,29.8,32.5,4.36,4.52,1.48,1.61,6.6,7.2,3.94,4.34,33,43.5,13
"110","DEN","DI",75.7,294.6,107.93,33.49,4.98,1.74,7.63,4.6,30.33,74.6,77.1,280,313,96,119,33,34.1,4.85,5.17,1.69,1.83,7.02,7.93,4.07,4.8,24,37.5,9
"111","DEN","ED",75.5,257.7,120.93,33.51,4.62,1.63,7.16,4.32,35.41,74,78.1,246,316,106,126,31.4,35.1,4.42,5.32,1.53,1.85,6.7,7.7,4.06,4.75,28.5,37,11
"112","DEN","G",77.1,310.3,104.54,33.77,5.17,1.83,7.88,4.59,28.08,74.9,78.5,301,316,93,110,31,35,5.01,5.32,1.73,1.9,7.5,8.37,4.52,4.86,24,33,6
"113","DEN","HB",70.1,214.1,119.77,31.22,4.54,1.6,6.97,4.25,34.61,67.5,72.1,200,229,114,123,29,32.6,4.42,4.66,1.53,1.62,6.88,7.55,4.09,4.57,30.5,37,7
"114","DEN","LB",74,237.6,116.78,32.49,4.69,1.64,6.99,4.32,34.28,72.2,76,230,245,107,130,31.1,33.5,4.51,4.84,1.56,1.71,6.7,7.37,4,4.7,29,40,10
"115","DEN","QB",77.5,237.3,115.33,33.54,4.8,1.65,7.09,4.2,33.77,73.5,78.9,220,244,112,118,32,34.2,4.69,4.86,1.61,1.69,7.03,7.14,4.12,4.26,31,36,6
"116","DEN","S",73,204.1,121.04,31.45,4.56,1.62,6.94,4.06,36.6,71.6,76,202,210,113,132,30.1,34.5,4.41,4.63,1.5,1.66,6.58,7.22,3.85,4.45,31.5,42,8
"117","DEN","T",77.2,302.7,106.99,33.67,5.09,1.76,7.42,4.56,28.61,76.2,77.9,297,311,97,115,33,34,4.95,5.36,1.71,1.85,7.29,7.71,4.55,4.58,28,30.5,3
"118","DEN","TE",76.6,249,122.77,33.24,4.6,1.59,6.9,4.29,37.11,75.4,77.5,243,258,111,130,32,34.1,4.49,4.81,1.55,1.64,6.81,7.05,4.22,4.4,34,42.5,8
"119","DEN","WR",72.1,197,123.81,31.66,4.46,1.56,6.93,4.35,36.3,67.5,75.4,173,218,118,131,28.4,33.5,4.38,4.54,1.52,1.63,6.57,7.25,4.15,4.53,33,39.5,14
"120","DET","C",77.1,312,108.28,33.12,5.09,1.78,7.94,4.56,30.98,77,77.1,312,312,95,115,33.1,33.1,4.99,5.28,1.74,1.87,7.73,8.04,4.51,4.65,26,33.5,2
"121","DET","CB",72.4,199.3,127.33,32.16,4.48,1.58,7,4.22,37.88,69.1,73.6,190,205,113,135,29.6,32.6,4.36,4.62,1.48,1.65,6.82,7.26,4.07,4.4,31,43,11
"122","DET","DI",75.1,302.1,107.89,33.86,4.98,1.74,7.62,4.66,28.86,73.1,76.8,280,330,94,115,32.6,35,4.83,5.34,1.68,1.89,7.14,8.16,4.39,4.97,24.5,32.5,12
"123","DET","ED",76.9,262.5,118.85,33.77,4.73,1.62,6.92,4.27,35.57,72.2,79,240,277,109,128,31.1,36,4.58,4.84,1.56,1.7,6.73,7.63,4.15,4.58,30.5,39,12
"124","DET","G",76.1,316.2,102.64,33.36,5.3,1.85,7.88,4.88,27.26,75,78,304,332,96,112,32.5,33.6,5.13,5.58,1.77,1.91,7.63,8.17,4.63,5.1,22.5,31.5,7
"125","DET","HB",69.8,208.6,124.51,30.97,4.48,1.58,6.94,4.23,36.98,68.2,73,190,227,115,131,29.9,32.6,4.36,4.68,1.52,1.64,6.79,7.38,3.95,4.4,31,42.5,10
"126","DET","LB",74.3,241.8,121.08,32.23,4.68,1.62,7.14,4.3,36,71,77,230,250,110,129,30.1,33.5,4.52,4.86,1.54,1.71,6.74,7.4,4.16,4.57,32,39.5,11
"127","DET","QB",75.1,214.6,111,32.82,4.88,1.75,7.09,4.22,29,75,76,207,217,111,111,32,33,4.88,4.88,1.75,1.75,7.09,7.09,4.22,4.22,29,29,3
"128","DET","S",72.8,204.1,122.89,31.89,4.56,1.58,6.95,4.28,35.5,71.2,73.9,180,240,110,128,30.4,33.5,4.41,5,1.52,1.7,6.78,7.05,4.12,4.45,27.5,39,7
"129","DET","T",77.7,318.9,103.77,33.58,5.16,1.8,7.77,4.73,28.06,76.6,79,309,331,98,109,33.2,35.6,5.02,5.34,1.77,1.87,7.7,8.4,4.68,4.83,26.5,31,6
"130","DET","TE",76.2,251.5,120.05,32.44,4.68,1.64,7.2,4.34,34,75,77.8,244,278,96,123,31.1,33.2,4.59,5.19,1.59,1.82,6.91,8.15,4.18,4.9,25.5,37.5,7
"131","DET","WR",72.5,190.2,123.03,31.54,4.5,1.58,6.93,4.28,35.58,69.5,76,174,218,119,127,29.5,33.8,4.34,4.73,1.54,1.67,6.81,7.2,4.15,4.48,31.5,38.5,11
"132","GB","C",76.2,305.6,111.46,32.58,5.09,1.75,7.42,4.57,29.99,74.6,77.1,296,310,107,118,32,33.4,4.94,5.5,1.63,1.95,7.32,7.48,4.47,4.69,27,33,5
"133","GB","CB",71.8,195.6,123.1,31.25,4.45,1.55,6.82,4.11,37.17,70.2,75,184,205,109,128,30.2,32.8,4.34,4.63,1.5,1.62,6.56,7.19,3.89,4.36,30.5,39.5,13
"134","GB","DI",75.1,301.8,108.62,32.53,4.94,1.7,7.51,4.6,29.47,72.5,77.8,283,333,102,114,31,34.5,4.77,5.49,1.6,1.84,7.16,7.91,4.32,5,26.5,35.5,16
"135","GB","ED",76.1,267.2,119.68,33.58,4.64,1.61,7.2,4.4,35.31,74.1,77.1,245,277,106,131,30.6,34.8,4.45,4.95,1.55,1.7,6.92,7.51,4.29,4.66,31,40,11
"136","GB","G",76.5,311.6,106.4,33.12,5.18,1.79,7.71,4.73,29.65,76.1,77,305,321,97,110,32,34,5.08,5.33,1.77,1.84,7.55,7.86,4.62,4.88,28,33.5,6
"137","GB","HB",71.4,224.5,122.9,31.32,4.53,1.6,7.1,4.27,36.01,69.5,72.4,205,247,114,131,30,32.5,4.45,4.59,1.51,1.65,6.82,7.43,4.15,4.53,30,41,11
"138","GB","LB",74.3,239.6,120.62,32.14,4.62,1.63,7.02,4.28,33.84,70.6,75.8,227,250,104,131,30.2,34,4.51,4.76,1.59,1.77,6.82,7.35,4.15,4.45,28.5,39.5,11
"139","GB","QB",75.3,223.8,117.55,32.32,4.71,1.64,7.09,4.37,34.43,74,75.8,218,233,109,120,31.6,32.6,4.59,4.94,1.6,1.72,6.84,7.21,3.98,4.52,29.5,36,4
"140","GB","S",72.2,206.5,124.33,31.38,4.47,1.59,7.04,4.22,36.35,70.8,74.9,197,230,119,136,30.6,33.4,4.36,4.58,1.55,1.65,6.69,7.5,4.14,4.46,33,39.5,7
"141","GB","T",77.2,309.3,104.74,34.35,5.1,1.8,7.61,4.6,29.01,75.6,78,299,321,97,115,33.4,35.4,4.94,5.32,1.7,1.87,7.34,7.91,4.44,4.75,25.5,33.5,9
"142","GB","TE",76.2,250.8,118.81,32.31,4.71,1.63,7.14,4.38,33.99,74.1,78,242,257,113,125,31.5,32.9,4.61,4.87,1.54,1.7,7.08,7.23,4.29,4.49,31.5,36,8
"143","GB","WR",73.1,203.1,124.26,31.83,4.48,1.57,6.9,4.24,35.89,69.5,76.8,187,220,115,136,30.4,33.5,4.36,4.62,1.45,1.65,6.56,7.19,3.98,4.34,30.5,39.5,19
"144","HOU","C",75.5,301.1,101.17,32.65,5.26,1.81,7.75,4.76,29.98,74.6,77,299,306,97,106,31.4,33.2,5.22,5.35,1.79,1.86,7.57,7.96,4.72,4.82,28,32,4
"145","HOU","CB",71.3,190.6,122.94,30.85,4.5,1.62,6.84,4.06,37.16,69.5,73.9,187,206,113,130,29.1,33,4.41,4.62,1.55,1.81,6.69,7.2,3.89,4.68,31,41.5,7
"146","HOU","DI",75.8,297.9,109.87,33.29,4.98,1.75,7.49,4.51,31.88,73.5,77.4,279,331,97,120,32,36,4.81,5.42,1.68,1.89,6.88,8.29,4.21,4.94,25.5,37,10
"147","HOU","ED",75.8,262.6,119.55,33.84,4.64,1.62,7.22,4.43,34.66,73.2,77.2,222,310,113,124,31,34.9,4.51,4.87,1.58,1.72,7.06,7.43,4.28,4.53,30.5,38.5,11
"148","HOU","G",76.6,322.1,104.47,33.81,5.1,1.76,7.71,4.74,27.53,75.9,77.9,302,346,102,112,33.4,34.4,4.97,5.24,1.73,1.79,7.37,7.93,4.45,5.12,26,32,5
"149","HOU","HB",71.4,217.7,122.37,30.95,4.53,1.6,7.24,4.38,34.32,69.6,74.4,192,233,119,130,29.8,32.4,4.41,4.83,1.56,1.72,7.03,7.53,4.29,4.5,27,39,6
"150","HOU","LB",74.4,242.5,124.02,33.36,4.6,1.6,7.08,4.28,36.01,72.5,76.1,220,253,116,132,30.9,34.4,4.44,4.67,1.53,1.64,6.87,7.21,4.12,4.4,32,40.5,7
"151","HOU","QB",74.9,217.7,113.39,32.49,4.78,1.67,7,4.32,31.35,74.5,75.9,214,228,104,119,31.4,33,4.66,5.06,1.6,1.77,6.95,7.33,4.12,4.4,27,32.5,5
"152","HOU","S",72,201,122.61,31.19,4.5,1.57,6.87,4.16,36.57,70,75,188,219,110,129,30,32.6,4.39,4.74,1.5,1.67,6.55,7.27,3.9,4.47,28,38.5,10
"153","HOU","T",77.4,316,105.35,34.55,5.14,1.8,8.04,4.84,28.57,76.4,79.6,304,322,100,112,33.1,36.5,4.84,5.45,1.59,1.88,7.3,8.34,4.55,5,25.5,29.5,8
"154","HOU","TE",76.7,256.1,118,33.18,4.75,1.64,7.21,4.35,33.14,74.5,78.8,247,265,111,122,32.8,34.1,4.67,4.94,1.59,1.76,7.01,7.5,4.25,4.75,27,36.5,7
"155","HOU","WR",72.4,197.4,121.06,31.62,4.45,1.56,6.94,4.27,36.13,69,76.1,164,217,113,126,29.9,34.1,4.32,4.62,1.5,1.63,6.65,7.34,4.07,4.62,32.5,42,14
"156","IND","C",75.8,308,104.09,33.13,5.08,1.77,7.62,4.62,29.73,74.1,76.2,298,311,99,110,30.2,33.6,4.91,5.36,1.73,1.83,7.52,7.76,4.53,4.74,27.5,30,4
"157","IND","CB",73,198.1,125.24,32.26,4.48,1.57,6.95,4.22,37.04,69.6,75,170,211,118,138,30.4,34,4.28,4.59,1.48,1.65,6.63,7.31,4.01,4.47,32,42,11
"158","IND","DI",75,304.1,111.1,32.73,4.99,1.74,7.6,4.54,30.41,72.6,78.2,282,347,103,125,31,34,4.49,5.38,1.61,1.85,7.13,8.28,4.19,4.82,26,37.5,11
"159","IND","ED",75.5,259.7,119.59,33.62,4.67,1.63,7.13,4.34,34.47,73,77,224,276,111,134,32.5,35.2,4.52,4.83,1.57,1.69,6.75,7.31,4.2,4.63,31,40,13
"160","IND","G",76.9,320.7,103.8,33.85,5.26,1.83,7.68,4.65,26.67,74.9,78.4,307,339,98,115,32.5,34.6,5.11,5.37,1.74,1.9,7.45,8.05,4.53,4.99,26,31,7
"161","IND","HB",69.8,215.6,120.36,31.02,4.47,1.56,7.04,4.26,35.59,67.9,72.6,195,226,113,125,29.8,32,4.38,4.7,1.52,1.66,6.9,7.24,4.07,4.58,32,37,9
"162","IND","LB",73.2,234.9,117.2,32.85,4.73,1.67,7.33,4.38,34.4,72,74,221,244,111,122,30.4,34.5,4.58,5.1,1.55,1.82,6.97,7.69,4.22,4.64,30,38,8
"163","IND","QB",76,237,124.35,32.63,4.56,1.61,6.9,4.34,37,73,77.9,219,244,110,129,30.4,32.9,4.43,4.89,1.53,1.73,6.78,7.5,4.15,4.75,27.5,40.5,5
"164","IND","S",72.3,205.8,124.5,31.53,4.46,1.56,7.01,4.19,37.31,70,73.8,187,218,118,130,30.2,32.2,4.34,4.55,1.46,1.64,6.75,7.21,4.02,4.27,34.5,41,9
"165","IND","T",78.2,313.3,110.46,33.7,5.17,1.77,7.69,4.71,30.14,75.6,80.4,297,353,92,123,32.2,36.1,4.89,5.58,1.68,1.91,7.2,8.31,4.47,5.21,23.5,37,11
"166","IND","TE",76.8,252.7,118.47,33.2,4.64,1.61,7.06,4.35,35.68,73.4,79.1,239,269,110,129,32.2,34.1,4.51,4.94,1.56,1.73,6.95,7.31,4.3,4.52,31.5,37.5,7
"167","IND","WR",72.6,201.9,126.32,32,4.41,1.54,6.92,4.2,37.9,69,77,171,226,115,135,30.2,34.2,4.31,4.54,1.46,1.65,6.7,7.28,4.03,4.38,32.5,42.5,12
"168","JAX","C",76.9,307.9,100.87,33.72,5.27,1.82,7.73,4.83,25.32,76.1,77.6,302,311,99,102,33.1,34.5,5.21,5.35,1.77,1.88,7.53,7.77,4.71,4.95,24,27,3
"169","JAX","CB",72,198.1,126.78,32.03,4.42,1.55,6.94,4.22,38.07,69.2,74.4,177,209,105,135,29.4,33.9,4.28,4.55,1.48,1.69,6.7,7.27,4.07,4.45,33.5,41.5,16
"170","JAX","DI",75.1,302.1,108.14,32.77,5.04,1.73,7.48,4.48,31.46,72.6,77,291,328,96,119,32,33.6,4.97,5.15,1.68,1.82,7.12,7.9,2.88,4.83,25.5,35,8
"171","JAX","ED",75.5,262.4,118.45,33.87,4.64,1.61,7.21,4.38,33.62,73,77.6,237,279,112,129,32.2,35.5,4.47,5.11,1.54,1.77,6.89,7.82,4.25,4.8,28.5,37.5,12
"172","JAX","G",75.7,310.1,104.56,32.92,5.34,1.81,7.91,4.9,28.27,75,77.8,304,313,99,109,32.6,33.2,5.11,5.39,1.79,1.9,7.9,7.91,4.71,4.94,23.5,32.5,4
"173","JAX","HB",71.6,224.4,120.99,31.5,4.51,1.58,7.13,4.23,31.93,70.1,73.2,199,240,114,128,30.2,32.6,4.41,4.61,1.54,1.67,7.02,7.19,4.22,4.29,28.5,36.5,8
"174","JAX","LB",73.6,237.6,123.24,32.61,4.65,1.61,7.03,4.29,36.11,71.5,75,218,246,108,129,31.2,33.6,4.48,4.74,1.57,1.71,6.92,7.14,4.09,4.57,30.5,40,9
"175","JAX","QB",76.9,224.2,116.67,32.27,4.82,1.7,7.03,4.27,32.51,72.9,78.1,213,234,110,120,31.2,33,4.61,4.98,1.62,1.75,6.84,7.85,4.21,4.6,28,33.5,7
"176","JAX","S",72.7,212.1,122.43,32.58,4.57,1.56,7.02,4.22,36.34,70,74.1,198,225,118,134,31.9,33.4,4.39,4.64,1.52,1.62,6.64,7.25,2.83,4.44,31,39.5,8
"177","JAX","T",77.7,311.7,106.71,34.54,5.21,1.82,7.53,4.69,28.42,76,79.5,306,322,105,111,33.8,35.5,4.98,5.3,1.77,1.86,7.4,7.81,4.59,4.82,26,31.5,6
"178","JAX","TE",76.4,250.5,118.92,32.48,4.69,1.63,7.21,4.44,34.81,75.4,77.5,238,255,111,124,31.1,33.5,4.63,4.79,1.53,1.69,7.07,7.32,4.25,4.52,30,36.5,6
"179","JAX","WR",72.6,203.6,123.43,31.77,4.49,1.57,6.99,4.21,36.4,67,77.6,173,227,114,129,29,33.8,4.34,4.6,1.51,1.63,6.5,7.2,4,4.38,32,40,12
"180","KC","C",75.9,305,106.48,32.41,5.16,1.83,7.69,4.61,29.8,74.4,77.4,299,312,95,112,32.2,32.5,5.04,5.27,1.73,1.9,7.4,8.03,4.35,4.96,25.5,33,4
"181","KC","CB",71.7,197.4,123.28,31.22,4.48,1.57,6.96,4.16,36.59,70.1,74.9,189,216,115,134,29.8,32.9,4.37,4.74,1.49,1.66,6.62,7.18,4,4.44,33,41,18
"182","KC","DI",75.1,320,104.9,32.96,5,1.72,7.73,4.66,29.13,72.4,77.8,271,346,93,117,31.5,34.5,4.71,5.33,1.62,1.9,7.09,8.17,4.31,5.06,23,37.5,11
"183","KC","ED",75.5,263.8,121.83,33.74,4.72,1.65,7.17,4.42,35.06,74,79,235,289,110,129,32.5,35.6,4.59,4.87,1.56,1.7,6.94,7.63,2.84,4.73,30,41,11
"184","KC","G",76.8,310.7,100.72,33.52,5.22,1.82,7.93,4.92,27.18,75.9,78.2,298,322,97,112,32.2,35,5.11,5.32,1.77,1.87,7.43,8.11,4.66,5.16,24.5,31,7
"185","KC","HB",69.2,212.7,120.94,29.81,4.53,1.58,7.09,4.41,36.78,67.2,71.4,198,227,114,126,29,31.4,4.37,4.62,1.49,1.6,6.93,7.22,4.27,4.53,32.5,39.5,7
"186","KC","LB",73.1,238.9,121.59,32,4.6,1.62,7.13,4.31,34.81,71.1,74.6,223,250,111,136,31,33.4,4.46,4.77,1.5,1.71,6.64,7.4,3.94,4.51,30,40.5,8
"187","KC","QB",74.2,221.9,111.23,32.93,4.82,1.66,6.89,4.17,30.73,72,76,207,225,98,114,32,33.2,4.78,4.96,1.64,1.71,6.88,6.95,4.08,4.43,30,32.5,4
"188","KC","S",71.4,202.3,129.42,31.27,4.46,1.56,7,4.22,40.45,70.2,72.2,199,205,120,141,30.4,31.8,4.38,4.51,1.52,1.57,6.86,7.25,4.05,4.37,35,44,5
"189","KC","T",78.6,308.1,114.95,34.6,5.04,1.71,7.58,4.51,29.68,77,79.2,306,315,111,116,34.2,35.1,4.94,5.1,1.68,1.73,7.52,7.59,4.44,4.78,28.5,35.5,4
"190","KC","TE",76.3,250.2,120.37,31.51,4.63,1.61,7.05,4.4,35,75,76.9,240,255,115,124,31.4,31.6,4.57,4.68,1.61,1.61,6.83,7.2,4.37,4.42,35,35,3
"191","KC","WR",72.3,202.3,126.5,31.72,4.43,1.55,6.9,4.22,37.73,68.1,76.4,174,228,119,139,29.9,33.8,4.29,4.59,1.46,1.66,6.53,7.13,3.98,4.32,32,45,13
"192","LA","C",74.7,303,99,32.38,5.38,1.87,7.81,4.71,26.5,73,76.5,300,306,99,99,32.4,32.4,5.34,5.43,1.87,1.87,7.81,7.81,4.71,4.71,26.5,26.5,2
"193","LA","CB",70.3,191.5,122.44,31.65,4.48,1.58,6.98,4.21,37.03,67,73.9,178,204,114,133,29,33.2,4.38,4.79,1.47,1.66,6.45,7.26,3.97,4.4,31,43,11
"194","LA","DI",74.7,303.6,108.48,33.36,5.02,1.72,7.36,4.6,29.81,72.6,77,285,322,96,116,31.2,35,4.69,5.31,1.63,1.83,7.08,8.03,4.39,4.81,26.5,33,8
"195","LA","ED",75.4,259.5,121.36,33.61,4.69,1.66,7.03,4.4,34.3,71.4,77.2,235,283,106,130,32.4,34.5,4.5,5.03,1.53,1.85,4.8,7.44,4.31,4.7,25.5,40,14
"196","LA","G",76.4,320.3,102.2,33.54,5.2,1.81,7.73,4.65,27.58,73.8,78.2,301,338,98,112,33,34.6,4.9,5.58,1.71,1.94,7.41,7.87,4.22,4.9,23.5,31,8
"197","LA","HB",70.4,211.1,120.93,30.83,4.49,1.52,6.95,4.31,34.78,68.4,72.6,192,222,116,135,28.6,31.6,4.39,4.65,1.42,1.58,6.7,7.13,4.12,4.51,32,40.5,11
"198","LA","LB",73.9,237.5,121.48,32.99,4.7,1.63,7.19,4.32,34.64,70.9,77,211,250,116,126,30.5,35.2,4.56,4.91,1.48,1.69,6.88,7.48,4.04,4.39,30.5,38.5,11
"199","LA","QB",75.7,214.9,110.38,32.44,4.85,1.69,7.2,4.43,28.38,71,77.6,192,229,105,118,28.9,33.5,4.67,5.14,1.59,1.87,7.17,7.43,4.2,4.47,27,33.5,4
"200","LA","S",72.6,209.2,122.34,31.56,4.6,1.59,6.75,4.19,36.8,70,74.5,191,220,114,136,29.5,33.1,4.41,4.78,1.47,1.7,4.13,7.16,3.99,4.51,31,43,13
"201","LA","T",77.2,323.4,107.92,34.52,5.1,1.79,7.83,4.8,28.59,73.9,79.4,306,332,96,116,33.5,35,4.92,5.48,1.72,1.92,7.36,8.28,4.61,4.88,24.5,33.5,9
"202","LA","TE",75.9,243.2,122.16,32.67,4.66,1.64,7.03,4.27,35.39,74.9,78,239,249,115,126,32,34,4.62,4.84,1.6,1.69,6.88,7.31,4.15,4.45,30.5,38.5,6
"203","LA","WR",72.3,195.3,119.58,31.7,4.47,1.58,6.88,4.12,33.67,68.5,77,155,220,115,133,29.2,34.2,4.34,4.65,1.49,1.66,6.54,7.32,3.88,4.38,31,40.5,16
"204","LAC","C",76.2,301.2,111,32.24,5.12,1.75,7.5,4.69,33.5,72.9,77,298,310,111,111,31.8,32.5,5.09,5.18,1.75,1.75,7.5,7.5,4.69,4.69,33.5,33.5,3
"205","LAC","CB",70.3,189.2,124.46,30.69,4.43,1.53,6.86,4.12,36.88,68.9,72.6,180,210,113,136,29.8,32.2,4.38,4.6,1.47,1.63,6.67,7.3,4,4.52,33,40.5,9
"206","LAC","DI",75.6,302.4,107.44,33.42,5,1.74,7.55,4.57,30.32,73.2,78.5,293,337,88,115,31.8,34.4,4.82,5.47,1.69,1.86,7.31,8,4.33,4.75,26,34.5,9
"207","LAC","ED",75.3,260.9,117.61,32.77,4.76,1.65,7.05,4.34,33.18,73.5,77.2,244,280,111,120,31,33.8,4.57,4.92,1.55,1.8,6.89,7.44,4.21,4.68,31.5,37.5,10
"208","LAC","G",75.5,317.7,107.18,34.1,5.23,1.83,7.56,4.73,28.48,74,76.6,303,339,98,112,32.2,36.6,4.98,5.52,1.74,2.03,7.38,7.96,4.46,5,24,32,10
"209","LAC","HB",71.7,212.8,121.34,31.9,4.54,1.62,7.03,4.19,33.58,68,74.1,199,228,108,126,29.6,32.4,4.4,4.7,1.55,1.73,6.75,7.27,4.07,4.47,30,38.5,9
"210","LAC","LB",73.5,236.7,119.73,32.31,4.67,1.62,7.06,4.28,34.46,70.8,75.8,218,254,113,129,31,33.9,4.44,4.84,1.53,1.73,6.67,7.21,4.14,4.35,31.5,38,11
"211","LAC","QB",77.3,232.9,121.45,32.64,4.68,1.62,7.03,4.42,34.66,73,78.2,207,236,112,123,30.4,32.9,4.52,4.97,1.55,1.71,6.65,7.26,4.05,4.55,29,35.5,4
"212","LAC","S",72.3,206.1,125.96,31.98,4.49,1.59,7.11,4.25,37.85,70,74.1,195,215,118,132,30.9,33,4.36,4.62,1.54,1.67,6.81,7.34,4.08,4.37,32,40,7
"213","LAC","T",76.8,305,112.02,33.25,4.98,1.71,7.54,4.52,32.24,76.2,78.1,298,311,107,114,32.8,34,4.88,5.27,1.68,1.8,7.48,7.84,4.45,4.7,26,33.5,4
"214","LAC","TE",76.8,246.4,117.13,33.03,4.68,1.61,7.16,4.41,32.77,76,77.8,238,250,113,126,32.2,34.5,4.68,4.68,1.6,1.62,7.16,7.16,4.41,4.41,31.5,35.5,3
"215","LAC","WR",73.7,206.3,124.37,32.49,4.53,1.61,7.04,4.26,35,68,75.6,163,226,114,134,29.1,33.6,4.36,4.68,1.46,1.66,6.56,7.31,4.03,4.38,30.5,40.5,10
"216","LV","C",75,303,105,32.12,5.3,1.68,7.48,4.46,31,75,75,303,303,105,105,32.1,32.1,5.3,5.3,1.68,1.68,7.48,7.48,4.46,4.46,31,31,1
"217","LV","CB",71.9,194.2,125.65,31.43,4.44,1.57,6.87,4.15,36.02,68.4,75.4,176,211,120,135,30,33.2,4.3,4.56,1.48,1.63,6.68,7.29,4.06,4.56,33.5,41,14
"218","LV","DI",74.9,301.4,111.39,32.72,4.99,1.75,7.66,4.64,30.32,72.5,77.1,274,334,92,120,31.9,33.9,4.73,5.41,1.65,1.86,7.15,8.41,4.25,5.05,21.5,38,13
"219","LV","ED",76,257.2,123.99,33.92,4.69,1.65,7.15,4.28,37.05,74,78,238,285,110,136,29.6,35.6,4.43,4.88,1.57,1.75,6.89,7.59,4.13,4.57,30.5,41,12
"220","LV","G",75.6,319,103.5,33.08,5.25,1.83,7.87,4.75,28.39,74.6,77.4,311,336,97,108,32,34.1,4.93,5.51,1.66,1.93,7.51,8.25,4.63,4.87,26.5,30,6
"221","LV","HB",70.7,213.6,119.27,31.54,4.52,1.57,6.95,4.24,35.3,68.2,74.6,194,232,112,132,29.6,34,4.33,4.69,1.48,1.69,6.81,7.12,4.08,4.65,31.5,39.5,7
"222","LV","LB",73.5,237.2,122.43,32.37,4.61,1.61,7.03,4.24,34.96,72.2,75.2,227,246,115,127,30.8,33.6,4.41,4.78,1.54,1.68,6.65,7.49,4,4.5,31,38,10
"223","LV","QB",74.8,214.7,111.25,31.92,4.78,1.67,7.21,4.27,32.71,74,76,213,217,110,113,31.4,33,4.69,4.95,1.64,1.71,7.21,7.22,4.2,4.39,28.5,34.5,4
"224","LV","S",72.4,208.6,124.02,31.8,4.46,1.57,7.07,4.29,36.14,70,75.9,190,226,116,141,30.6,33.1,4.4,4.62,1.51,1.63,6.87,7.12,4.19,4.4,31,44,9
"225","LV","T",78.4,313.9,111.88,34.3,5.17,1.79,7.74,4.7,29.26,76.8,80.6,303,343,95,121,33.5,35.4,4.95,5.57,1.67,1.93,7.34,8.31,4.49,5.01,20.5,34.5,10
"226","LV","TE",76.4,251.2,118.05,32.75,4.72,1.67,7.24,4.43,32.43,75.2,78,242,269,112,121,31.6,34,4.48,4.81,1.62,1.72,7.08,7.32,4.11,4.57,30.5,36.5,6
"227","LV","WR",72.1,201.1,123.32,31.17,4.4,1.58,6.82,4.13,36.82,69,76.5,182,224,116,131,29.1,33,4.27,4.66,1.48,1.64,6.7,7.15,3.98,4.49,33,42,11
"228","MIA","C",77,303,96,32.25,5.12,1.85,7.66,4.64,25,77,77,303,303,96,96,32.2,32.2,5.12,5.12,1.85,1.85,7.66,7.66,4.64,4.64,25,25,1
"229","MIA","CB",71.6,193.5,126.19,31.39,4.48,1.56,6.9,4.12,35.3,69.5,74.5,180,201,114,134,30.1,32.8,4.39,4.61,1.49,1.63,6.52,7.18,3.82,4.32,29.5,38.5,11
"230","MIA","DI",76.3,315.4,107.29,33.44,5.11,1.78,7.84,4.69,29.44,74.6,78.1,293,329,103,111,32.4,34.8,5,5.3,1.76,1.83,7.49,7.95,4.55,4.91,28,34,7
"231","MIA","ED",76.5,254.5,119.54,33.16,4.65,1.63,7.15,4.32,33.66,74.1,78.2,232,276,109,125,32.4,33.9,4.54,4.89,1.51,1.72,6.89,7.47,4.13,4.5,31,39,9
"232","MIA","G",76.6,313,107.09,33.8,5.19,1.82,7.91,4.78,28.14,75.1,77.1,304,337,99,111,32.2,34.6,5.08,5.34,1.81,1.84,7.83,7.99,4.71,4.93,25.5,29,7
"233","MIA","HB",71.4,214.5,119.58,31.38,4.48,1.57,7.05,4.26,34.03,68.5,73.5,189,236,111,123,29.1,32.8,4.32,4.8,1.49,1.71,6.91,7.31,4.08,4.4,30.5,39.5,10
"234","MIA","LB",73.7,235.8,121.72,32.38,4.59,1.6,7.05,4.23,36.23,72,75.1,229,243,111,129,30.8,33.4,4.47,4.67,1.52,1.64,6.88,7.25,3.96,4.39,33,42,7
"235","MIA","QB",73.9,218.6,106.54,31.5,4.7,1.74,7.3,4.43,28.57,72,75.9,213,221,103,112,30.5,32.6,4.65,5.22,1.62,1.81,7,7.49,4.28,4.52,27,31,4
"236","MIA","S",72.2,203.9,122.36,31.05,4.46,1.54,7.06,4.24,34.92,71.1,72.6,191,211,118,127,30.1,31.4,4.4,4.49,1.51,1.59,6.94,7.19,4.14,4.48,33,42,6
"237","MIA","T",77.5,314.3,107.52,33.98,5.21,1.79,7.66,4.63,29.25,76.9,78.5,298,323,103,115,32.4,36.2,5.07,5.34,1.73,1.86,7.39,7.95,4.56,5.02,26.5,31,8
"238","MIA","TE",76.9,251.9,121.45,33.24,4.66,1.62,7.11,4.3,35.29,74.1,77.5,231,262,110,131,31.8,34.1,4.52,4.82,1.56,1.67,6.76,7.41,4.1,4.52,29.5,41,8
"239","MIA","WR",71.9,198.1,121.65,31.73,4.51,1.59,7.17,4.35,35.16,65.9,75,165,235,110,131,29.6,33.5,4.31,4.77,1.51,1.73,6.87,7.56,4.03,4.59,28.5,40,13
"240","MIN","C",74.8,305,102.3,32.26,5.06,1.75,7.59,4.59,28.45,74.6,74.9,303,306,99,104,31.8,33.2,4.92,5.32,1.69,1.87,7.41,7.94,4.53,4.71,23.5,31,2
"241","MIN","CB",71.8,192.3,125.52,31.54,4.47,1.57,7.08,4.3,36.9,70,74.2,178,213,112,133,29.5,33.6,4.31,4.64,1.53,1.64,6.7,7.31,4.07,4.65,29.5,41,17
"242","MIN","DI",75.1,298.2,105.58,32.41,5.05,1.75,7.58,4.69,29.56,73,76.9,283,316,100,111,31.6,33.4,4.75,5.4,1.67,1.91,7.39,8.01,4.39,5,26,32.5,9
"243","MIN","ED",76.2,267.3,116.87,33.64,4.77,1.66,7.27,4.41,33.27,74,77.4,252,285,105,130,31.2,35.2,4.57,5.07,1.57,1.77,6.95,7.62,4.29,4.59,31,38.5,14
"244","MIN","G",76.4,310.2,104.21,33.56,5.12,1.76,7.67,4.66,26.59,74.1,78,295,321,94,121,32.5,34.2,4.88,5.48,1.68,1.86,7.26,8.13,4.43,4.9,20.5,34.5,11
"245","MIN","HB",70.5,211.5,123.23,31.33,4.46,1.55,7.08,4.33,34.45,68.9,72.2,204,221,116,132,30.2,32.4,4.29,4.67,1.46,1.59,6.75,7.4,4.12,4.53,30.5,40.5,6
"246","MIN","LB",74.3,240.2,120.12,32.13,4.66,1.63,7.01,4.2,35.07,72.2,76.9,225,255,110,125,30.1,34,4.41,4.89,1.51,1.69,6.82,7.49,4.11,4.38,28.5,39,16
"247","MIN","QB",74,219.6,114.53,32.47,4.67,1.63,7,4.15,32.22,72,75.8,207,235,108,116,29.8,33.5,4.59,4.81,1.59,1.69,6.85,7.26,4.09,4.48,28.5,34,5
"248","MIN","S",73.5,206.5,124.07,32.06,4.53,1.55,6.81,4.19,34.87,71,76,194,243,100,133,29.5,34.2,4.37,5.16,1.45,1.85,6.63,7.19,3.97,4.6,27.5,38.5,10
"249","MIN","T",77.7,311.3,103.93,34.5,5.04,1.8,7.48,4.67,28.08,76,78.9,297,329,94,111,32.9,35.5,4.82,5.39,1.7,1.93,7.14,8.04,4.5,5.05,22.5,32.5,11
"250","MIN","TE",76.3,251.9,114.48,32.56,4.73,1.68,7.19,4.33,34.27,74.4,78.6,242,262,109,135,31.5,33.6,4.57,5.02,1.59,1.8,6.93,7.32,4.19,4.45,30,38,9
"251","MIN","WR",72.8,201,123.13,32.07,4.48,1.57,7.05,4.26,35.62,69.6,76,173,227,115,131,30.2,34.1,4.38,4.64,1.48,1.62,6.65,7.28,4.03,4.43,29.5,39,16
"252","NE","C",75.4,314.3,100.59,33.26,5.29,1.8,8.1,4.88,25.75,74.8,75.9,305,327,97,108,32.9,33.9,5.15,5.44,1.74,1.83,7.9,8.46,4.73,5.02,21.5,30.5,4
"253","NE","CB",71.9,195.3,125.37,31.36,4.47,1.58,6.8,4.15,36.86,68,75.6,171,215,116,133,28.9,32.8,4.33,4.64,1.48,1.66,6.39,7.03,4.01,4.63,32.5,43,16
"254","NE","DI",74.8,307.9,103.45,33.3,5.05,1.7,7.87,4.59,29.44,73.8,76.1,288,329,98,111,32.5,34.6,4.93,5.19,1.57,1.81,7.66,8.03,4.59,4.62,29,30,5
"255","NE","ED",76.2,266.3,118.19,33.82,4.77,1.67,7.11,4.36,33.95,74,77.5,248,293,100,124,32,35.6,4.59,5.1,1.57,1.76,6.9,7.82,4.07,4.69,29.5,37,13
"256","NE","G",75.8,313,110.4,32.57,5.12,1.78,7.52,4.67,27.62,73.4,76.9,295,344,96,120,31.2,34.4,4.95,5.52,1.71,1.88,7.44,8.15,4.5,5.27,23,32,10
"257","NE","HB",70.6,215.5,117.85,30.96,4.55,1.61,6.97,4.26,34.88,69.1,71.6,204,230,112,126,29.2,31.9,4.37,4.65,1.51,1.67,6.78,7.39,4.2,4.47,31.5,38.5,8
"258","NE","LB",74,248.8,117.24,32.66,4.63,1.64,7.3,4.45,32.96,71.2,76,208,265,111,129,30.5,33.6,4.45,4.84,1.52,1.71,6.89,7.55,4.2,4.64,29.5,38.5,13
"259","NE","QB",75.2,226,111.35,32.3,4.9,1.71,7.1,4.38,30.06,72.5,78.8,215,253,103,116,31,34.4,4.68,5.37,1.6,1.84,7.04,7.28,4.26,4.53,24,32,7
"260","NE","S",72.4,209.9,124.52,32.4,4.54,1.6,6.9,4.23,36.04,70.8,75,196,221,111,134,30.8,33.5,4.49,4.65,1.56,1.62,6.59,7.04,4.04,4.4,32,42,7
"261","NE","T",77.4,317.6,107.11,34.15,5.1,1.81,7.77,4.67,30.53,74.4,80.2,302,358,97,110,33.4,35.5,4.96,5.28,1.77,1.88,7.44,8.41,4.34,5,23.5,33,10
"262","NE","TE",76,257.1,116.81,32.78,4.77,1.66,7.08,4.29,31.57,75,77.8,253,266,108,125,30.5,34.4,4.71,4.94,1.62,1.76,6.99,7.15,4.19,4.51,29,34,5
"263","NE","WR",72.9,202.9,125.17,32.16,4.42,1.53,7.05,4.29,36.01,67,74.8,179,228,112,134,28,33.1,4.28,4.53,1.41,1.62,6.68,7.25,4.1,4.39,29,39.5,12
"264","NO","C",75.9,303,107,33,4.89,1.72,8.28,4.62,31,75.9,75.9,303,303,107,107,33,33,4.89,4.89,1.72,1.72,8.28,8.28,4.62,4.62,31,31,1
"265","NO","CB",72.1,199.3,125.32,31.45,4.47,1.54,6.91,4.23,37.08,70.6,74.6,189,218,110,132,30,32.6,4.36,4.61,1.47,1.65,6.69,7.08,4.13,4.33,32,41.5,10
"266","NO","DI",75.1,308.1,112.4,33.51,5.02,1.74,7.45,4.58,31.23,73.1,77,294,346,100,119,32.5,35.1,4.86,5.21,1.66,1.82,7.2,7.8,4.38,4.94,24.5,34.5,7
"267","NO","ED",76.5,266.4,120.79,33.82,4.69,1.65,7.09,4.36,33.97,74,77.8,246,287,112,132,31.2,35.4,4.57,4.93,1.52,1.72,6.7,7.43,4.2,4.56,30.5,42.5,10
"268","NO","G",77,311.4,106.32,33.69,5.17,1.8,7.96,4.65,31.09,74.8,78.9,307,324,85,113,31.2,34.4,5.08,5.44,1.77,1.88,7.91,8.04,4.62,4.92,23,33,4
"269","NO","HB",69.8,212.3,127.34,31.61,4.53,1.59,7.04,4.31,38.39,66.8,72.2,193,215,109,135,29.9,32.8,4.4,4.61,1.54,1.68,6.67,7.22,4.15,4.4,29,41.5,6
"270","NO","LB",74.7,240.9,120.08,32.99,4.57,1.59,7.01,4.24,35.33,72.8,75.8,228,250,114,125,32.1,34.6,4.42,4.71,1.51,1.65,6.63,7.19,4.03,4.38,30.5,39.5,10
"271","NO","QB",73.1,212.5,117.44,30.35,4.71,1.65,6.99,4.29,33.88,72,76,207,237,114,121,29.8,32,4.65,4.75,1.62,1.71,6.97,7.01,4.19,4.35,32.5,35,4
"272","NO","S",71.9,206.4,123.53,32.23,4.57,1.59,6.83,4.16,37.29,70.5,73.2,199,214,119,129,30,32.6,4.48,4.63,1.54,1.61,6.78,6.94,4.06,4.43,30.5,43.5,7
"273","NO","T",78.1,314.7,110.17,33.74,4.96,1.71,7.46,4.71,29.93,76,79.1,299,325,95,112,32.2,34.2,4.71,5.67,1.65,1.9,7.25,8.03,4.62,5.12,25.5,34.5,8
"274","NO","TE",76.8,253.8,115.18,32.85,4.78,1.65,6.88,4.28,31.98,76,77,249,255,114,120,32.6,33.8,4.7,4.8,1.65,1.65,6.78,7.27,4.27,4.34,31,36,2
"275","NO","WR",72.5,196.7,124.89,31.72,4.43,1.53,6.86,4.11,34.46,69.8,75.5,187,215,120,133,30.5,34.5,4.33,4.57,1.45,1.6,6.76,7.42,3.81,4.5,32,39.5,8
"276","NYG","C",75.2,299.4,105.08,33.03,5.22,1.81,7.93,4.6,27.34,75,75.4,298,301,104,106,32.6,33.4,5.1,5.35,1.78,1.84,7.93,7.93,4.56,4.63,25.5,29.5,2
"277","NYG","CB",71.9,194.2,125.9,30.97,4.42,1.57,6.96,4.17,36.76,69.8,73.9,175,206,118,136,29.5,32.1,4.35,4.52,1.49,1.65,6.74,7.08,4.08,4.31,31.5,42,13
"278","NYG","DI",75.3,317.7,105.29,33.51,5.09,1.77,7.6,4.63,28.47,73.6,77.4,286,342,95,112,32.5,34.8,4.84,5.31,1.66,1.89,7.28,8.21,4.4,5.09,25,34.5,11
"279","NYG","ED",75.9,252.7,122.58,33.63,4.65,1.61,7.21,4.36,35.02,74,78.5,233,267,113,130,31.4,34.6,4.5,4.95,1.56,1.72,7,7.36,4.19,4.57,30,41.5,11
"280","NYG","G",76.1,315.5,104.08,32.77,5.16,1.79,7.64,4.71,26.93,74.4,78.5,307,340,95,110,32,35.5,5.11,5.31,1.75,1.85,7.43,8.13,4.56,5.09,24,28.5,7
"281","NYG","HB",71.3,221.9,126.13,31.13,4.45,1.56,7.17,4.2,38.78,69.5,72.6,206,233,117,132,29.2,32.6,4.38,4.62,1.51,1.62,6.87,7.51,4.06,4.48,29.5,41,9
"282","NYG","LB",73.5,238.6,118.58,32.13,4.67,1.61,7.02,4.3,34.68,72,75.8,219,242,116,125,30.9,33.2,4.55,4.75,1.54,1.71,6.88,7.27,4.15,4.51,31.5,36.5,8
"283","NYG","QB",76.2,223.4,114.5,32.27,4.84,1.66,7.03,4.34,32.36,74.1,77.1,221,229,105,120,30.6,33.1,4.79,5.06,1.62,1.83,6.92,7.34,4.07,4.53,28.5,33.5,4
"284","NYG","S",72.5,208.7,121.21,31.14,4.58,1.61,7.12,4.29,35.23,70.5,76.8,193,228,108,129,30,32.2,4.49,4.69,1.53,1.66,6.72,7.38,4,4.45,32.5,38,10
"285","NYG","T",78.2,324.2,105.19,35.02,5.25,1.86,7.76,4.76,28.78,76,79.5,306,337,95,113,33,36.6,5.03,5.61,1.75,1.97,7.58,8.13,4.66,5.15,26,30.5,9
"286","NYG","TE",75.8,244.3,125.96,33.21,4.51,1.57,6.99,4.32,35.96,75,77.1,234,264,117,135,32.5,34.4,4.42,4.64,1.52,1.64,6.92,7.1,4.23,4.47,32.5,39.5,4
"287","NYG","WR",71.1,192.4,125.94,31.43,4.45,1.55,6.92,4.19,37.79,68,74.9,176,216,118,136,27.6,33,4.39,4.55,1.49,1.59,6.69,7.07,3.94,4.36,31,41,9
"288","NYJ","C",78,313,NA,32.75,NA,NA,NA,NA,NA,78,78,313,313,Inf,-Inf,32.8,32.8,Inf,-Inf,Inf,-Inf,Inf,-Inf,Inf,-Inf,Inf,-Inf,1
"289","NYJ","CB",72.8,196.9,123.53,32.3,4.42,1.53,6.84,4.42,36.61,70,75,179,220,117,140,30.2,33.5,4.3,4.65,1.46,1.61,4.12,7.31,4.1,6.84,32.5,42.5,12
"290","NYJ","DI",75.6,307.4,109.88,34.09,4.96,1.74,7.49,4.59,30.1,74.5,76.9,294,346,102,116,32.2,35.2,4.81,5.29,1.67,1.85,7.31,7.92,4.53,4.88,26,32,9
"291","NYJ","ED",75.7,260.1,117.6,33.56,4.75,1.66,7.31,4.48,33.46,72.8,77.8,239,284,102,132,30.2,34.9,4.64,5.01,1.58,1.75,6.85,7.67,4.22,4.78,29.5,36.5,10
"292","NYJ","G",76.4,316.5,103.33,33.53,5.3,1.84,7.75,4.78,27.86,75.6,77.5,308,330,100,107,32,35.4,5.19,5.42,1.77,1.95,7.51,8.14,4.62,4.89,23.5,31.5,5
"293","NYJ","HB",70.4,212.4,123.12,30.97,4.48,1.57,7.05,4.22,37.78,67.9,71.5,185,239,118,129,29.1,32,4.39,4.62,1.49,1.66,6.81,7.26,3.98,4.56,34,41,8
"294","NYJ","LB",74,239.6,126.45,32.84,4.55,1.59,7.15,4.27,34.83,71.2,76.6,232,254,115,133,30.1,34,4.47,4.91,1.54,1.7,6.95,7.46,4.12,4.69,32,38.5,6
"295","NYJ","QB",74.8,219.7,112.14,31.37,4.79,1.66,7.04,4.37,29.77,72,76,214,230,105,124,30.6,33.4,4.58,4.89,1.6,1.73,6.91,7.51,4.13,4.64,26.5,34,8
"296","NYJ","S",72,209.7,118.7,32.4,4.55,1.59,7,4.23,33.44,71.1,75.2,196,216,115,126,30.5,34.5,4.39,4.75,1.53,1.66,6.94,7.15,4.13,4.45,31.5,42,9
"297","NYJ","T",77.5,326.6,106.27,34.05,5.16,1.78,7.65,4.61,28.52,75.5,79.4,307,364,101,112,32.1,35.6,5.1,5.32,1.75,1.87,7.3,8.09,4.53,4.7,24.5,32,7
"298","NYJ","TE",76.9,259,117.44,33.63,4.76,1.66,7.29,4.37,33.29,75.5,79,250,267,114,128,32.8,34.8,4.55,4.89,1.57,1.71,6.87,7.42,4.12,4.59,31,40,6
"299","NYJ","WR",72.2,194.6,124.17,31.89,4.42,1.56,6.83,4.26,36.52,68.9,76,165,225,119,133,30,34,4.35,4.6,1.49,1.63,6.66,7.29,3.99,4.48,34,39.5,14
"300","PHI","C",76.4,311.8,117.19,32.86,4.91,1.72,7.2,4.42,32.9,74.6,78,280,326,110,119,32.5,33.4,4.89,4.92,1.71,1.76,7.19,7.22,4.14,4.49,30.5,33.5,3
"301","PHI","CB",71.9,195.5,122.78,31.28,4.46,1.55,6.91,4.17,35.83,69.1,74,182,209,113,130,29.5,32.4,4.36,4.61,1.5,1.6,6.51,7.21,3.97,4.5,31.5,40.5,12
"302","PHI","DI",75.8,312.4,111.81,33.58,4.84,1.66,7.2,4.52,29.99,73.1,78.4,275,341,103,123,30.6,34.5,4.62,5.38,1.63,1.79,6.87,7.65,4.25,4.67,25,38.5,10
"303","PHI","ED",75.4,254.4,119.02,33.07,4.7,1.64,7.14,4.43,34.53,72.4,80.9,231,302,105,128,32,36,4.39,4.89,1.5,1.76,6.9,7.48,4,4.6,29,41.5,14
"304","PHI","G",75.3,306.7,98.02,33.68,5.28,1.81,7.5,4.57,26.55,73.9,75.9,301,310,92,108,32.8,34.2,5.13,5.36,1.69,1.89,7.27,7.61,4.44,4.62,26,30,3
"305","PHI","HB",69.7,200.4,119.75,29.94,4.49,1.58,6.95,4.28,34.77,66.6,71.5,175,223,112,124,28.1,30.6,4.47,4.56,1.54,1.62,6.83,7.26,4.18,4.46,33.5,36,6
"306","PHI","LB",72.2,232.8,122.38,31.8,4.58,1.6,6.89,4.25,35.8,69.6,74.4,218,246,109,127,31,33.5,4.44,4.89,1.53,1.71,6.68,7.17,4.15,4.46,30.5,39.5,10
"307","PHI","QB",76.2,232.9,118.35,32.69,4.8,1.67,6.94,4.31,31.56,73,78,222,243,112,125,30.6,34.2,4.59,5.14,1.6,1.77,6.86,7.22,4.15,4.68,30.5,35,6
"308","PHI","S",71.3,203.6,124.01,31.42,4.53,1.55,6.93,4.18,35.79,69.8,73.1,184,212,113,134,28.8,32.2,4.44,4.62,1.46,1.68,6.76,7.18,4.07,4.49,30,42,8
"309","PHI","T",77.7,312.4,114.09,34.18,4.94,1.72,7.52,4.58,30.57,74.9,80.1,303,346,96,118,32.8,35.5,4.72,5.6,1.68,1.98,7.31,8.26,4.4,5,24.5,34,10
"310","PHI","TE",76.7,251.2,115.57,32.76,4.74,1.67,7.06,4.39,32.55,75.9,77,241,256,111,121,31.6,34,4.62,4.76,1.59,1.68,7.02,7.09,4.3,4.47,30.5,35,3
"311","PHI","WR",72.7,199.4,124.71,32.29,4.47,1.58,7.06,4.31,36.99,70.6,76,170,225,116,138,31.2,33.2,4.42,4.53,1.52,1.63,6.83,7.31,4.07,4.46,32,42,11
"312","PIT","C",77.4,297,111,33.12,5.11,1.73,7.4,4.64,29,77.4,77.4,297,297,111,111,33.1,33.1,5.11,5.11,1.73,1.73,7.4,7.4,4.64,4.64,29,29,1
"313","PIT","CB",71.9,191.5,125.07,32.02,4.47,1.56,6.87,4.19,35.19,68.6,75.4,176,205,116,134,29.4,34,4.43,4.58,1.52,1.63,6.59,7.68,4,4.5,31.5,39.5,13
"314","PIT","DI",76.1,306.7,106.7,33.48,5.06,1.77,7.57,4.67,28.78,73.4,78.5,283,352,96,112,31.2,36.6,4.82,5.3,1.67,1.92,7.2,8.01,4.49,5.09,20.5,34.5,12
"315","PIT","ED",75,251.4,123.73,32.53,4.66,1.63,7.23,4.42,35.65,72.4,76,230,269,111,138,30.8,33.5,4.5,4.79,1.58,1.72,6.75,7.52,4.13,4.71,30.5,42,11
"316","PIT","G",75.9,312.8,103.13,32.54,5.19,1.8,7.56,4.65,30.76,73.6,77,305,320,90,119,32.1,34.4,4.85,5.36,1.69,1.89,7.3,8.42,4.56,5.03,24.5,35.5,6
"317","PIT","HB",71.5,217.1,118.48,31.73,4.51,1.58,6.88,4.22,32.6,67.8,73.6,173,233,113,126,30.4,33.4,4.26,4.66,1.49,1.65,6.5,7.14,3.93,4.4,29,39,9
"318","PIT","LB",72.1,233.8,124.35,31.88,4.5,1.57,7.04,4.25,38.89,71,76,224,238,111,130,29.5,32.4,4.38,4.81,1.51,1.71,6.91,7.53,4.03,4.67,31,42,9
"319","PIT","QB",75.6,222.1,119.49,31.82,4.82,1.64,6.95,4.42,31.3,73.2,76.6,213,235,111,122,30.9,33,4.64,5.11,1.56,1.77,6.75,7.12,4.3,4.56,26,33.5,5
"320","PIT","S",72.1,212.2,129.86,31.83,4.49,1.57,6.82,4.14,38.85,68.9,74.1,201,220,109,134,30.6,32.8,4.42,4.64,1.55,1.6,6.64,7.13,3.97,4.37,27,41.5,6
"321","PIT","T",77.7,316.7,103.45,34.28,5.19,1.83,7.9,4.89,28.35,74.9,79.2,303,330,98,110,33.2,34.8,4.97,5.41,1.74,1.93,7.56,8.19,4.67,5.02,23,30.5,7
"322","PIT","TE",77.5,256.1,117.56,33.24,4.76,1.66,7.42,4.32,32.18,71.1,80.1,233,265,110,122,31.9,34.4,4.64,4.9,1.57,1.8,7.18,7.53,4.08,4.53,29.5,37.5,7
"323","PIT","WR",72.9,206.5,123.16,32.38,4.49,1.56,7.04,4.21,35.67,67.8,76.2,170,238,114,135,30,33.4,4.32,4.72,1.44,1.63,6.79,7.3,4.02,4.45,30,41,13
"324","SEA","C",77.2,320.4,111,32.89,5.07,1.75,7.59,4.79,29.5,73.8,77.9,299,325,111,111,30,33.5,5.07,5.07,1.75,1.75,7.59,7.59,4.79,4.79,29.5,29.5,2
"325","SEA","CB",72.3,192.4,125.17,31.7,4.45,1.57,7.02,4.3,36.26,69,76.1,181,220,115,132,30.4,33.9,4.26,4.6,1.47,1.61,6.82,7.31,3.96,4.49,32.5,42,14
"326","SEA","DI",75.5,298.4,106.46,33.7,5.01,1.75,7.72,4.67,28.42,73.2,77.8,283,323,84,119,32,34.8,4.76,5.23,1.55,1.84,7.16,8.13,4.36,5.07,22.5,38,15
"327","SEA","ED",75.3,257,118.19,33.33,4.65,1.64,7,4.19,34.12,72.4,77.4,227,275,108,123,32.1,35.4,4.38,4.95,1.54,1.72,6.7,7.51,4.03,4.62,28.5,38.5,12
"328","SEA","G",76.2,315.9,105.1,33.47,5.25,1.82,7.82,4.69,28.14,74,78,298,327,93,113,33,35.1,4.97,5.51,1.69,1.96,7.4,8.32,4.41,4.95,24,36,10
"329","SEA","HB",70.7,216.7,121.52,31.26,4.49,1.56,7.08,4.31,35.55,69.2,72.5,199,228,113,130,30.2,33.2,4.38,4.62,1.5,1.63,6.69,7.69,4.02,4.69,28.5,43,13
"330","SEA","LB",73.8,244.3,125.3,32.81,4.55,1.6,7.07,4.26,36.25,72,75.8,226,261,116,132,31.2,34.5,4.44,4.71,1.55,1.69,6.85,7.26,4,4.54,32,42,11
"331","SEA","QB",71.4,205.8,116.92,31.05,4.55,1.59,7.02,4.16,33.73,70.6,75,204,214,112,118,31,31.2,4.53,4.62,1.59,1.6,6.97,7.27,4.09,4.5,32.5,34,2
"332","SEA","S",72,209.3,117.01,31.6,4.54,1.6,7.01,4.27,33.79,69.8,73,196,218,115,125,30.2,33,4.44,4.62,1.54,1.65,6.79,7.16,4.09,4.36,31,39,7
"333","SEA","T",77,315.1,109.19,34.41,5.1,1.77,7.73,4.65,28.61,74.5,80,307,332,95,115,32.8,36,4.92,5.55,1.64,1.92,7.09,8.19,4.4,5.06,23,33.5,10
"334","SEA","TE",77.5,256.1,112.53,33.65,4.79,1.67,7.08,4.33,31.67,75.8,79.2,251,262,109,122,33.2,34.2,4.51,4.89,1.53,1.72,7.05,7.15,4.2,4.46,28,38,4
"335","SEA","WR",72.5,200.8,124.16,31.65,4.44,1.57,6.93,4.21,36.24,68.8,77.2,175,229,114,135,29.9,34.9,4.33,4.64,1.47,1.66,6.57,7.38,3.93,4.5,31,40.5,16
"336","SF","C",75,314.1,105,33.15,5.17,1.82,7.59,4.86,32.5,74.8,75.2,308,320,105,105,32.2,34,5.02,5.28,1.81,1.85,7.59,7.59,4.68,4.93,32.5,32.5,4
"337","SF","CB",71.9,191.9,125.2,31.68,4.43,1.56,6.94,4.24,37.91,69,74.8,171,200,117,139,30.4,33.1,4.32,4.51,1.51,1.62,6.82,7.29,4.06,4.52,33.5,40.5,18
"338","SF","DI",77.1,299.5,115.21,34.38,5.01,1.75,7.53,4.49,31.66,72.6,79,276,324,108,116,32.5,34.9,4.87,5.29,1.66,1.77,7.51,7.73,4.47,4.65,28.5,32,7
"339","SF","ED",75.9,268.3,119.07,33.6,4.78,1.65,7.19,4.35,33.58,73,79.1,243,293,105,126,32.4,35.4,4.48,5.15,1.52,1.75,6.91,7.95,4.14,4.77,28.5,35,13
"340","SF","G",76.5,313.1,101.41,33.65,5.25,1.85,7.77,4.79,28.67,75,78.1,299,325,98,111,32.2,34.8,5.09,5.35,1.77,1.91,7.44,8.13,4.5,5,25,31,8
"341","SF","HB",70.4,211.5,120.16,31.29,4.51,1.57,6.98,4.24,34.45,67.2,72.4,194,230,113,128,29.2,33.4,4.35,4.66,1.49,1.69,6.74,7.25,4.12,4.56,30,37.5,10
"342","SF","LB",73.1,239.3,118.9,32.09,4.71,1.62,7.08,4.32,34.49,71,75.4,220,254,112,127,29.2,34,4.49,4.83,1.55,1.68,6.9,7.31,4.27,4.56,30.5,38.5,9
"343","SF","QB",75.7,225.8,115.06,31.95,4.56,1.63,6.93,4.21,31.86,70.6,76.6,212,234,113,122,29,33.5,4.53,4.84,1.57,1.65,6.85,7.21,4.18,4.45,27,32.5,6
"344","SF","S",72.6,210.5,127.3,32.46,4.55,1.57,7.03,4.24,36.21,69.6,73.4,195,221,117,134,30.8,33.6,4.38,4.65,1.5,1.61,6.87,7.24,4.06,4.31,32.5,40.5,8
"345","SF","T",79.1,312.4,104.65,33.94,5.23,1.8,7.8,4.73,28.2,76.1,80.5,306,355,94,110,32.5,36,5.13,5.3,1.67,1.89,7.54,8.23,4.67,4.78,23.5,30,7
"346","SF","TE",76.5,253,119.33,33.09,4.73,1.68,7.06,4.38,33.3,75.5,78.2,241,267,108,132,31.1,34.4,4.52,4.92,1.59,1.73,6.76,7.31,4.07,4.53,32,35,8
"347","SF","WR",72.2,201.8,123.44,32.11,4.49,1.57,6.9,4.13,37.03,68,76.8,181,226,115,128,28.8,33.5,4.33,4.72,1.44,1.65,6.64,7.38,3.95,4.37,29,40,16
"348","TB","CB",71.8,197.8,125.13,31.71,4.49,1.57,6.99,4.19,37.12,69.9,74,177,206,118,130,30.5,33.9,4.3,4.61,1.49,1.64,6.85,7.3,3.98,4.53,32,41.5,11
"349","TB","DI",75.8,317.5,103.93,32.68,5.04,1.73,7.51,4.57,29.13,72.6,78.1,283,347,91,107,31.5,33.5,4.75,5.45,1.66,1.86,7.25,7.97,4.44,5,24.5,30,6
"350","TB","ED",75.3,268.3,115.66,33.03,4.75,1.65,7.12,4.33,34.2,73,79,241,281,110,128,30.6,34.9,4.51,4.96,1.56,1.76,6.93,7.3,4.13,4.59,28.5,38.5,12
"351","TB","G",77,307.2,104.36,32.95,5.14,1.79,7.57,4.63,28.63,75.9,78,302,313,97,108,32.2,35.5,4.98,5.39,1.71,1.87,7.33,8.04,4.47,4.84,26.5,30.5,5
"352","TB","HB",70.4,214.7,119.67,30.96,4.48,1.6,7.02,4.27,36.03,67.9,72.4,188,247,112,126,30,31.8,4.33,4.8,1.48,1.64,6.79,7.51,4.16,4.62,32,40.5,10
"353","TB","LB",72.7,231.3,119,32.28,4.55,1.61,7.14,4.27,36.06,70.9,74.2,213,245,110,125,30.1,33.6,4.42,4.75,1.56,1.68,6.97,7.38,4.17,4.45,29,41.5,14
"354","TB","QB",76.5,230.9,104.62,32.36,4.99,1.74,7.2,4.43,28.71,75.8,79.1,225,236,102,113,32,33.1,4.94,5.1,1.74,1.75,7.08,7.49,4.36,4.6,26.5,31.5,3
"355","TB","S",70.6,199.4,124.13,31.03,4.53,1.58,6.87,4.17,37.56,69.1,74.1,184,205,116,132,29.8,32.9,4.33,4.7,1.46,1.68,6.48,7.16,3.94,4.31,34,41.5,6
"356","TB","T",77,321.3,112.53,33.88,5.04,1.75,7.76,4.76,32.78,76.4,77.6,306,338,104,121,32.2,34.5,4.85,5.27,1.68,1.82,7.58,8.15,4.65,5.11,27.5,36.5,5
"357","TB","TE",77.5,255.2,118.5,33.46,4.62,1.61,6.94,4.28,31.34,76.4,78,250,262,111,121,32.8,33.8,4.51,4.98,1.55,1.8,6.85,7.15,4.16,4.53,30,34.5,7
"358","TB","WR",73.6,210.8,122.9,32.99,4.47,1.57,6.98,4.19,36.48,67.6,76.8,174,231,113,129,29.2,35.1,4.33,4.53,1.51,1.64,6.66,7.13,4,4.27,29.5,41.5,9
"359","TEN","C",75,311,105.09,32.44,5.13,1.79,7.43,4.7,26.61,74.4,75.9,306,314,96,108,32,33.5,4.99,5.5,1.74,1.93,7.31,7.66,4.58,4.74,26.5,27,3
"360","TEN","CB",71.1,191.8,122.07,30.74,4.48,1.56,6.86,4.23,35.38,69.4,72.9,186,203,116,128,28.9,32.8,4.33,4.62,1.52,1.64,6.6,7.34,4.06,4.36,31.5,41.5,11
"361","TEN","DI",74.9,305.3,105.69,33.17,5.08,1.78,7.54,4.61,29.07,72.6,76.4,275,322,99,128,32,34.5,4.8,5.35,1.66,1.85,7.03,7.89,4.25,4.78,26,33.5,9
"362","TEN","ED",75.7,261.7,116.41,33.59,4.76,1.63,7.11,4.34,32.89,74.4,77,242,277,110,130,31.6,35.5,4.59,4.88,1.57,1.69,6.88,7.45,4.19,4.51,29.5,36,9
"363","TEN","G",75.1,320.7,104.69,33.96,5.4,1.89,7.97,4.95,25.9,74,77.1,314,335,90,110,31.5,34.6,5.23,5.49,1.84,1.9,7.93,8.09,4.83,5.02,23.5,26.5,4
"364","TEN","HB",71.4,220.2,125.84,31.5,4.52,1.58,7.03,4.3,37.03,67.1,74.5,170,247,121,130,28.9,33,4.38,4.81,1.53,1.64,6.74,7.27,4,4.55,35.5,39,8
"365","TEN","LB",73.5,239.9,119.04,32.01,4.61,1.63,7.14,4.3,32.27,72,74.5,231,254,116,131,29.5,33.2,4.44,4.81,1.54,1.72,6.71,7.49,4.07,4.53,30,39.5,9
"366","TEN","QB",75.2,225,120.63,31.89,4.52,1.61,6.84,4.13,34.97,72.6,77,215,231,103,124,31.6,32.4,4.51,4.58,1.57,1.66,6.77,7.13,4.11,4.52,26.5,36,7
"367","TEN","S",71.7,207.4,116.28,31.8,4.48,1.58,6.92,4.17,36.7,71,74.9,196,221,108,123,30.1,33.5,4.41,4.69,1.54,1.63,6.73,7.26,4.1,4.26,30.5,38.5,9
"368","TEN","T",77.7,315.6,110.56,34,5.08,1.75,7.69,4.67,30.47,76,80.6,304,350,103,117,32.2,35.5,4.87,5.37,1.69,1.86,7.27,8.26,4.48,5.07,24.5,34.5,9
"369","TEN","TE",76.3,248.2,120.33,32.52,4.6,1.62,7.31,4.33,36.24,74.5,78.5,238,259,110,127,31.5,32.9,4.52,4.69,1.57,1.66,7.15,7.43,4.18,4.45,33.5,38,4
"370","TEN","WR",73.8,210.9,124.07,32.48,4.5,1.58,7.02,4.3,35.73,70.2,77.1,189,237,114,136,28.6,33.5,4.34,4.58,1.49,1.69,6.57,7.36,4.08,4.5,33,41.5,13
"371","WAS","C",75.2,307,107.44,32.56,5.29,1.82,7.86,4.61,29.64,74.9,75.6,300,312,97,111,32,33.2,5.17,5.54,1.71,1.93,7.6,8.14,4.47,4.7,22.5,34,5
"372","WAS","CB",72.4,189.2,124.52,31.77,4.44,1.54,6.85,4.19,36.33,69.2,75.2,166,206,113,136,29.6,32.6,4.35,4.62,1.48,1.64,6.63,7.4,4,4.46,33.5,39.5,13
"373","WAS","DI",75.4,304.7,105.45,33.43,5.02,1.74,7.56,4.71,27.42,73.8,76.2,286,329,96,109,31.9,34.6,4.95,5.37,1.66,1.89,7.42,7.95,4.46,4.91,23.5,30,7
"374","WAS","ED",76.4,260.9,120.86,33.8,4.69,1.65,7.19,4.39,33.61,74,77.8,242,271,107,128,31.5,35.8,4.41,5.07,1.54,1.78,6.78,7.73,4.2,4.77,28.5,39,13
"375","WAS","G",75.9,314.7,105.08,33.27,5.17,1.81,7.55,4.73,29.87,74,76.8,293,323,96,113,32.5,34.1,4.89,5.48,1.67,1.93,7.18,8.4,4.57,5.38,25.5,32.5,8
"376","WAS","HB",71.2,219.2,118.37,30.76,4.51,1.58,7.03,4.33,33.46,67,74.4,192,233,110,134,29,31.9,4.31,4.68,1.49,1.69,6.67,7.47,4.01,4.62,29,41.5,14
"377","WAS","LB",73.5,232.4,123.29,32.45,4.58,1.6,7.11,4.31,35.5,71,76.2,217,248,112,132,29.4,35.4,4.37,4.88,1.53,1.71,6.77,7.66,4.14,4.59,27,42,10
"378","WAS","QB",74.7,224.5,107.79,32.55,4.68,1.63,7.16,4.49,28.55,72.6,78.1,214,234,105,109,30.8,34.2,4.41,5.04,1.53,1.79,7.05,7.42,4.48,4.5,28.5,29,5
"379","WAS","S",71.8,202.4,124.85,31.65,4.47,1.52,6.85,4.24,37.27,69.9,74.4,194,212,109,133,30.6,33.4,4.34,4.65,1.44,1.62,6.56,7.14,4.03,4.41,31,44,11
"380","WAS","T",77.2,309.2,110.98,33.97,5.11,1.81,7.6,4.63,27.33,76,78,294,321,106,117,33,35.4,4.84,5.35,1.68,1.98,7.35,7.93,4.39,4.95,21.5,30.5,6
"381","WAS","TE",76,241.8,117.67,32.82,4.71,1.65,6.99,4.37,30.57,72.9,78.5,224,252,111,120,31,34.5,4.45,4.84,1.55,1.71,6.85,7.15,4.14,4.53,27,34.5,6
"382","WAS","WR",72.5,197.1,123.02,31.5,4.47,1.59,7.01,4.22,37.38,68.4,77.4,178,223,114,136,29.4,33,4.35,4.64,1.54,1.7,6.65,7.33,4.08,4.55,31,41,14
